pdbCode,stoichiometry,cluster
4xp1,A B C,4m48;4xnu;4xp1;4xp4;4xpa;4xph;4xp9
4zpt,A B C,4xak;5do2;4zpt
3rvw,A B C,3rvv;3rvw;3rvx;4pp2
1xgt,A B C,1dqj;1xgp;1xgq;1xgt;1xgu;1mlc;3d9a;1p2c;1yqv;1bql
1nbz,A B C,1ndm;1nby;1nbz;1ndg
1tzh,A(2) B(2) C(2),4zff;2fjg;1tzi;1bj1;1cz8;1tzh
2a4l,A,1oit;1aq1;1b38;1b39;1ckp;1di8;1dm2;1e1v;1e1x;1fvt;1g5s;1gih;1gz8;1h00;1h01;1h07;1h08;1h0v;1h0w;1hck;1hcl;1jvp;1ke5;1ke6;1ke7;1ke8;1ke9;1oiq;1oir;1p2a;1pw2;1pxi;1pxj;1pxk;1pxl;1pxm;1pxn;1pxo;1pxp;1pye;1r78;1urw;1v1k;1vyz;1w0x;1w8c;1wcc;1y8y;1y91;1ykr;2a0c;2a4l;2b52;2b53;2b54;2b55;2btr;2bts;2c5y;2c68;2c69;2c6i;2c6k;2c6l;2c6m;2c6o;2clx;2exm;2fvd;2j9m;2r3f;2r3g;2r3h;2r3i;2r3j;2r3k;2r3l;2r3m;2r3n;2r3o;2r3p;2r3q;2r3r;2r64;2uzn;2uzo;2v0d;2vta;2vth;2vti;2vtj;2vtl;2vtm;2vtn;2vto;2vtp;2vtq;2vtr;2vts;2vtt;2vu3;2vv9;2w05;2w06;2xmy;2xnb;3ezr;3ezv;3fz1;3ig7;3igg;3le6;3lfn;3lfq;3lfs;3ns9;3pj8;3pxf;3pxq;3pxr;3pxy;3pxz;3py0;3py1;3ql8;3qqf;3qqg;3qqh;3qqj;3qqk;3qql;3qrt;3qru;3qtq;3qtr;3qts;3qtu;3qtw;3qtx;3qtz;3qu0;3qwj;3qwk;3qx2;3qx4;3qxo;3qxp;3qzf;3qzg;3qzh;3qzi;3r1q;3r1s;3r1y;3r28;3r6x;3r71;3r73;3r7e;3r7i;3r7u;3r7v;3r7y;3r83;3r8l;3r8m;3r8p;3r8u;3r8v;3r8z;3r9d;3r9h;3r9n;3r9o;3rah;3rai;3rak;3ral;3rjc;3rk5;3rk7;3rk9;3rkb;3rm6;3rm7;3rmf;3rni;3roy;3rpo;3rpr;3rpv;3rpy;3rzb;3s00;3s0o;3s1h;3sqq;3sw4;3sw7;3ti1;3tiy;3tiz;3unj;3unk;3wbl;4acm;4bgh;4bzd;4d1x;4d1z;4ek3;4ek4;4ek5;4ek6;4ek8;4erw;4ez3;4ez7;4fkg;4fki;4fkj;4fkl;4fko;4fkp;4fkq;4fkr;4fks;4fkt;4fku;4fkv;4fkw;4gcj;4kd1;4lyn;4nj3;4rj3;5a14;5and;5ane;5ang;5ani;5anj;5ank;5ano;5d1j;5fp5;5fp6;5iev;5iex;5iey;5jq5;5jq8;5k4j;1gii;1gij;2ds1
4jws,A B,5gxg;3w9c;4jwu;4jx1;4jws
4jlz,A,4jlx;4jlz;4k8v;4km5;4lev;4lew;4mkp;4o68;4o69
2a4c,A(2),1zvn;2a4c;1zxk
1m8z,A,3gvo;3gvt;1ib2;1m8z;3h3d
2x5h,A(2),2x5h;2x5t;2x5g
1z0n,A,2f15;1z0m;1z0n
2o3h,A,1bix;1e9n;1hd7;2isi;3u8u;4lnd;5cfg;2o3h;4qh9;4qhd;4qhe
4oaz,A(2),4oaz;4oay;5khd
4hwf,A,4hwd;4hwc;4hwf
3cfo,A,4i9l;1ih7;1waj;3cfo
2w5h,A,4a4x;2jav;2w5b;2w5h;2w5a;2wqo;2xk3;2xk4;2xk6;2xk7;2xk8;2xkc;2xkd;2xke;2xkf;2xnm;2xnn;2xno;2xnp;4afe
4h0k,A,4gyd;4h0j;4h0k
3zdo,A(4),3zdo;4c5q;4bhv
1xg6,A,3i2x;2esu;2et2;4h9w;2bea;2beb;1fmz;1fn0;4ha2;3qyd;4tlp;1eyl;2wbc;4wbc;1xg6
4xrd,A(10),1yep;4ma9;4mab;1yex;1yf1;1yf0;1n8j;4xra;4xrd;4xs1;4xts
2hbb,A,2hvf;2hba;2hbb
2zgu,A(2),2zgq;2zgr;2zgl;2zgm;2zgn;3afk;3m3c;3m3q;2zgt;2zgu;2zgo;2zgs;2zgp;3m3e;3m3o;1ww4;1ww5;1ww6;1ww7
2v9b,A(2),3c8p;2v9b;1okh
1fih,A(3),1fif;1fih;1kwt;1kwu;1kwv;1kww;1kwx;1kwy;1kx1;1rtm;1bcj;1bch;1kwz;1kmb;2kmb;3kmb;4kmb;1afa;1afb;1afd
4jps,A B,4ovu;4l1b;4l23;4l2y;4waf;4jps;4zop;5fi4
4n2i,A(2),4n2m;4n2n;4n2d;4n2e;4n2f;4n2g;4n2h;4n2i;4n2k;4n2l;4n20;4n22;4n24;4n25;4n26;4n28;4n2a;4n2b
4u6a,A,4dvi;4i9i;4k4e;4k4f;4msg;4msk;4mt9;4n3r;4n4t;4n4v;4oa7;3udd;3uh2;3uh4;4krs;4li6;4li7;4li8;4w6e;5ebt;5ece;4tor;4tos;3kr7;3kr8;3mhj;3p0n;3p0p;3p0q;3u9h;3u9y;3ua9;4avu;4avw;4bfp;4bj9;4bjb;4bjc;4bs4;4bu3;4bu5;4bu6;4bu7;4bu8;4bu9;4bua;4bud;4bue;4buf;4bui;4bus;4but;4buu;4buv;4buw;4bux;4buy;4hyf;4m7b;4ufu;4ufy;4uhg;4uvl;4uvn;4uvo;4uvs;4uvt;4uvu;4uvv;4uvw;4uvx;4uvy;4uvz;4ux4;4w5i;5aeh;5aku;5akw;5al1;5al2;5al3;5al4;5al5;5fpg;2rf5;4u6a;4uuh;4w5s;3mhk;3w51;4iue;4j1z;4j21;4j22;4j3l;4j3m;4pml;4pnl;4pnm;4pnn;4pnq;4pnr;4pns;4pnt;4tju;4tjw;4tjy;4tk0;4tk5;4tkf;4tkg;4tki;5dcz
2pg6,A,3ebs;3t3q;1z10;1z11;2fdu;2fdv;2fdw;2fdy;3t3r;4ejj;4rui;2pg5;2pg7;2pg6;2p85;4ejg;4ejh;4eji
1b3r,A(4),4pfj;4pgf;1d4f;1ky5;3g1u;1a7a;1xwf;5axa;5axb;5axc;5axd;1b3r;1ky4;2h5l;1li4;3nj4;4yvf
4l6q,A(2),2f2u;4l6q;4wot;2etk;2etr;3tv7;3twj;3v8s;4w7p;5bml;5hvu
2iy7,A,2ii6;2iib;4v39;4v3c;4v38;4v3b;3s44;2ex1;2c83;4v2u;2ex0;2ihj;2ihk;2ihz;2iiq;2ilv;2c84;2iy7;2iy8
3cl2,A(4),2htv;3ckz;3cl0;3nss;3ti3;3ti4;3ti5;3ti6;4b7r;5hug;3cl2;2hty;2hu0;2hu4;3b7e;3beq;3cye
1jph,A(2),3gvv;3gvw;2q6z;2q71;1jpi;1jph;1jpk;3gw0;3gw3;1uro;3gvq;3gvr
4jy9,A,3ciw;3iix;3iiz;4jyd;4jye;4jyf;5ff3;3cix;4jxc;4jy8;4jy9;5ff2;5few;5fez;5ff0;5ff4;5fep;5fes;5fex
4ysr,A(3),3wkq;3wni;3wnj;3x1e;4ysa;4ysd;4yso;4ysp;4ysq;4ysr;4yss;4yst;4ysu;4zk8;3wkp;3x1n;3x1f;3x1g;3wi9
1nsr,A(2),1ns0;1ns4;1ns8;1nsr;1nsu;1nsv;1nsx;1nsz;1ns2;1ns7;1nsm;1nss;1l7j;1l7k;1mmu;1mmx;1mmy;1mmz;1mn0
1ly8,A,1c8i;1ck6;2e39;2e3a;2e3b;1ly9;1lyc;1h3j;1lyk;1ly8
3u2w,A(2),3v90;3v91;3rmv;3rmw;3t7m;3t7n;3t7o;3u2t;3u2u;3u2v;3u2x;3usq;3usr;1zct;3v8y;3v8z;3q4s;3qvb;3u2w
117e,A(2),117e;2ik4;1e6a;1huk;1wgi;1wgj;2ihp;8prk;1m38;2ik6;2ik1;2ik9;2ik0;2ik2;2ik7;1huj
2owq,A(2),2owq;4dof;4dog;4lzb;5jx3;3nt7;4irb;4qc9;4qca
4od8,A B,4od8;5jkr;4oda;4ygm;5jks;5jkt
3x22,A(2),1ds7;1icr;1icu;1icv;1idt;1oo5;1oo6;1oon;1ooq;1yki;1ylr;1ylu;3x22;1kqb;1kqc;1kqd;1nec
3x1w,A,3x1w;3x1x;3x1z;3x1y
5gze,A,2yv8;2yxs;4wvv;4wvw;3ap4;3ap5;3ap6;3ap7;3ap9;3apb;5t7i;5t7s;3vkn;3vko;4bmb;5gzc;5gzd;5gze;4bme
4nej,A,1nbp;4nej;4nem;1m47;1m48;1m49;1pw6;4zf7;1m4b
4jli,A(6),1hk9;2yht;2ylb;2ylc;3qo3;3res;4pno;4rcb;4rcc;4jri;4jli
1n7p,A,1c82;1egu;1f9g;1ojm;1ojp;1w3y;2brp;2brw;1ojo;1n7n;1n7r;1n7p;1n7o;1n7q;1lxk;1ojn
5ch3,A,4fng;4fnm;4qwm;4ubi;4ubj;4ubk;4ubl;4ubm;4ubn;4ubo;5ivk;5c8v;5ch3;5ch5;5ivd;5ivh;5ivi
1wuj,A B,1ubh;1ubj;1ubk;1ubl;1ubm;1ubo;1ubr;1ubt;1ubu;1wuh;1wui;1wuj;1wuk;1wul;1h2r;4u9h;4u9i
4ohd,A,4gwf;4h1o;4h34;4ohi;4ohd;4ohh;4ohl;4ohe;4dgx;5ibm;5ibs;2shp;5i6v;4dgp;5ehp;5ehr
2vfp,A(3),2vfn;2vfo;2vfp;2vfq;2vfm;3th0
5kjl,A,3qwv;3qww;3s7b;5kjk;5kjl;5kjm;5kjn;3rib;3tg4;4wuy;4ynd;5arg
2qft,A,3fk0;3fk1;2qfs;2qft;2qfq;2qfu;3fjx;3fjz;1g6s;1g6t;1x8r;1x8t;2aa9;2aay;2pq9;3nvs;1q36;1mi4
1xqd,A,1cmj;1ehf;1cmn;1ehg;1cl6;1ehe;1ged;1gei;1gej;1jfb;1jfc;1rom;2rom;1xqd;1ulw;1f24;1f26;1f25
1sd0,A,1bg0;1m15;3m10;4gvy;4gvz;4gw0;4gw2;5j99;5j9a;1p52;2j1q;1rl9;1sd0;4am1;1p50;4bhl
5gy7,A(2),1lrk;1lrl;1lrj;5gy7
3d5s,A B,2gox;3d5s;3d5r
4dnf,A(2),4dln;4ehb;3kd2;4eus;4yx9;5hk9;5hka;5hkb;3kda;3pi6;4dmh;4dmf;4dmk;4dm7;4dmc;4dnf;4dno;5jyc
4h5n,A,3ldl;3ldn;3ldo;3ldp;5evz;5ex5;5exw;5ey4;5f0x;5f1x;5f2r;3qfp;5bn9;5bpl;5bpm;5bpn;1hjo;2e88;2e8a;3atu;3atv;3ay9;3jxu;5bn8;3gdq;3fe1;3qfu;3gl1;1ba0;1ba1;1bup;1s3x;4io8;1kay;1kaz;1kax;2bup;1qqo;1qqn;1qqm;2qw9;2qwl;2qwm;4h5n;4h5r;4h5t;4h5v;4h5w;3i33;4fsv;5fpd;5fpe;5fpm;5aqw;5aqx;5aqy;5aqz;5ar0;3kvg;3l4i;3l6q
2z4u,A,3h5k;3le7;2qes;2z4u;2qet;2z53;1d6a;1qcg;1qcj;2q8w;1gik;1j1q;1j1r;1j1s
3ai8,A,1ito;2dc6;2dc7;2dc8;2dc9;2dca;2dcb;2dcc;2dcd;1qdq;1gmy;3ai8
2ol7,A,2oy5;2oyb;2pi3;2i5v;2i5z;2g8c;2ol7;3aum;5b10;5b11;5b2a;2oy1;2ol6;2ol8;3ckg;3ckf
4g89,A(2),1jys;1nc1;1nc3;1y6q;1y6r;1z5p;3df9;3o4v;4wkc;4yml;1z5n;1z5o;4g89;4f1w;4f2p;4f2w;4f3c;4f3k
4lul,A(2),1qxj;1qxr;1qy4;1x7n;1x82;1x8e;2gc0;2gc1;2gc2;2gc3;3sxw;4lum;4lta;4lul;4luk;1j3p;1j3q;1j3r
3nkv,A,2fol;1yzn;2rhd;3nkv
3zjj,A(2),3zjm;3qzx;3zji;2veb;2vee;3zjn;3zjo;3zjp;3zjq;3zjs;3zom;3zol;3zjh;3zjj;3zjl
1n6l,A,1z0d;1n6h;1r2q;1tu4;1n6p;1n6n;1n6o;1n6r;1z07;1huq;1n6i;1n6k;1n6l
3gkn,A,3gkk;5iiz;5im9;5ima;5imc;5imd;5imf;5imv;5imz;5iny;5io0;5iow;5iox;5ipg;3gkm;3gkn;5io2;5iph
1b08,A(3),2ggu;2ggx;2orj;2ork;2os9;2ria;2rib;2ric;2rid;2rie;3dbz;3g81;3g83;4m17;3g84;1b08;4dn8
2f5f,A(2),1on1;2ev0;2ev5;2ev6;2f5d;2f5e;2f5f;2hyf;3r60;3r61;4hv5;1on2;4hx4;4hx7;4hx8
3vkt,A,3b0h;3b0m;3b0j;3b0l;3b0n;3b0g;3vkp;3vkq;3vkr;3vks;3vkt;3vlx;3vly;3vlz;3vm0;3vm1
2xsx,A(2),3ucc;3ucd;2psn;3b97;1te6;2akm;2akz;3uje;3ujf;3ujr;3ujs;4za0;4zcw;5eu9;2xsx
4fwo,A(2),1x3m;1x3n;2e1y;2e1z;2e20;4fwk;4fwl;4fwm;4fwo;4fwp;4fwq;4fws;4xh4;4xh1;4xh5
3hg3,A(2),3hg3;3tv8;3gxp;3hg2;3hg4;3hg5;3s5y;3s5z;4nxs;3lx9;3lxb;3lxc
3k37,A(4),3k36;3k37;1b9s;1b9t;1b9v;1vcj;3k39;3k3a
1nym,A,2v1z;2v20;3opl;3opr;3oph;3opp;4fcf;4mbk;4fd8;4fh2;1axb;1bt5;1tem;1zg4;4oqg;1jwp;1m40;1nxy;1ny0;1nym;1nyy;1pzo;1xpb;4gku;4zj2;4zj3;4zj1;1zg6;3p98;3v5m;1n9b;4rx3;4rx2;1li0;1li9;3cmz;4mez;1lhy;1ck3;1jwz;1jwv;1jvj;4ibx;4ibr;4rva;1pzp;1htz;1yt4;3dtm;3jyi;3toi;1ong;1q2p;1shv;1vm1;2h5s;2zd8;3d4f;3mke;3mkf;3mxr;3mxs;4fh4;4gd6;4gd8;4gdb;4jpm;4mbf;4r3b;4zam;5ee8;1rcj;2a3u;2a49;4mbh;2h0t;2h0y;2h10;1tdg;1tdl;3v50;4op5;4opy;4oqh;4opq;4oq0;4oqi;4op8;4opr;4opz
1xxm,A B,1jtg;3c7u;3c7v;2g2w;3n4i;1xxm;2g2u;3c4o;3c4p
4o0e,A(2),4o47;4o48;4zm9;4o0c;4o0h;4osx;4osy;4pvp;4pvq;4pvr;4pvs;3tkj;4o0g;4o0e;4o0d;4o0f
5i48,A(4),5f52;5hw0;1hfj;1hfk;1hfw;1hg0;1hg1;1jsl;1jsr;1o7j;5i3z;5i48;5i4b;2gvn;2hln;2jk0
3pjc,A,3lxk;3lxl;1yvj;4z16;3zc6;3zep;4hvd;4hvg;4hvh;4i6q;4qt1;4rio;3pjc;4qps
4n57,A,3n4t;3n4u;3sg8;3sg9;3sgc;4dbx;4de4;4dfb;4dfu;4dt8;4dt9;4dta;4dtb;3n4v;4n57;5c4l
3qcm,A,2hy3;2pbn;3qcc;3qcd;3qce;3qcg;3qch;3qci;3qcj;3qck;3qcl;3qcn;2h4v;3qcm;5awx
3goq,A,2h1w;2q3j;2ac4;2q2o;1ak1;1c1h;1c9e;1doz;1ld3;1n0i;2hk6;2q2n;3m4z;2c8j;2h1v;3goq;2ac2
1hde,A,2pky;2yxp;1bee;1bez;1hde;1b6g;1be0;1cij
2xjt,A,2xjp;2xjq;2xjr;2xjs;2xjt;4ahw;4ahx;4ahy;4ahz;4ai0;4ai1;4ai2;4ai3;4lhl;4lhn;2xjv;2xju
3i9k,A(2),1lbe;1r12;1r15;1r16;3i9j;3zwm;3zwn;3zwo;3zwp;3zwv;3zww;3zwx;3zwy;3i9k;3i9l;1r0s
3op4,A(4),4wk6;1i01;1q7b;5cdy;5cej;3tzh;3tzk;3u09;5end;1q7c;3op4;3rro;3rsh;4i08
3oln,A,2zkg;3oln;3bi7;3dwh
4waj,A(4),3e1v;3e1w;3e3g;3e3i;4waj;4wam;4wak;3e24;3e2x;3e31;3e3f;3e28;3e2a;3e2w;2a8c;2a8d;3mf3
1c0e,A,3n8i;4z99;4z9a;5pnt;1phr;2p4u;1xww;1c0e;5kqg;5kql;5kqm;5kqp
2jhx,A,2jhx;2jhy;1rho;5h1d;2bxw;1qvy;1ft0;1ft3;1fso;2jhs;2jhz;2jhw;2jht;2ji0;1kmt;2jhu;2jhv
4f69,A,4f6g;4f6i;4f6j;4f6b;4f6d;4f6f;4f68;4f69;2xkg;2xkh;2vyz;2vyy;1v07;1kr7;2xki;4avd;4ave
3q8e,A,3q8c;3q8e;3tew;3tex;4ee2;4nam;3tez;1acc;5fr3;3tey;3mhz;3q8b;3q8f;4h2a
1qak,A(2),1d6u;1d6y;1d6z;1dyu;1lvn;2w0q;2wgq;2wo0;2wof;2woh;1jrq;1qak;1qal;1qaf
4gdp,A(2),1rsg;1yy5;3bi2;3bi4;3bi5;3bnm;3bnu;3cn8;3cnd;3cnp;3cns;3cnt;4ech;4gdp
2yp3,A(3),4wa1;4wa2;2yp2;2yp3;2yp4;2yp5;4we8;4we9;4wea;2yp7;2yp8;2yp9
4euc,A(2),4eu9;4eua;4eub;4euc;4eu3;4eu4;4eu5;4eu6;4eu7;4eud;5dw4;5dw5;5dw6;5e5h;4eu8;5ddk
5han,A(6),5hk4;5hql;4lf2;5c2c;5c2g;5han;5hao;5hat;5hjx;5hjy
3bh4,A,2die;1vjs;3bh4;1ob0;1bli;1wp6;1wpc;2d3l;2d3n;1e3x;1e3z;1e40;1e43;1w9x;2gjp;2gjr
1f8u,A B,1ku6;1f8u;1b41;2x8b;4ey8
2f29,A,4nc5;4ncs;2f26;2f27;2f24;2f25;2f28;2f29;1snt;1so7;1vcu;2f0z;2f10;2f12;2f13
2eg8,A(2),2e25;2z27;3mjm;2z26;2z29;2z28;2z25;2z2a;2z24;1j79;2z2b;1xge;2eg6;2eg7;2eg8
4ply,A(4),4plh;4plw;1pze;1pzf;1pzg;1pzh;3om9;4plc;4plf;4plg;4plt;4plv;4ply;1sov;1sow;3czm
4bls,A(6),2vhj;2vhq;1w44;1w46;1w47;1w48;1w49;1w4a;1w4b;1w4c;4blr;2vhu;2vhc;4bls;4blt
3fzi,A,3fzi;3g0a;3g8v;3g91;3w2x;3w2y
2g19,A,2g19;2g1m;2hbt;2hbu;2y33;2y34;3ouh;3ouj;4bqw;4bqx;4bqy;4uwd;4kbz
1eo9,A(12) B(12),1eo2;1eoa;1eob;1eoc;2bum;2buq;2bur;1eo9;2bux;2buy;2buz;2bv0;2but;2buu;2buv;2buw
4gpc,A,1iw0;1iw1;1v8x;2z68;3i8r;3moo;4goh;4gpc;4gpf;4gph;1wnw;1wnx;1wnv
1za5,A(2),2bkb;2nyb;4l2a;4l2c;1dt0;2w7w;4l2b;1za5;3lio;3lj9;3ljf;4l2d
4zl5,A(24),4zl5;4zl6;4zlw;4zmc;3e6r;3e6s;4ism;4isp;4itt;4itw;4iwj;4iwk;4ixk;4zkh;4zkw;4zkx
4a7g,A B,1e9o;1e9q;4a7g;2wko;1e9p;3qqd
4gk1,A,4g96;4g9a;4j6j;4j6k;4j6m;4j6p;4j6q;4gj0;4gjx;4gk1
4x1m,A,4x1l;4x25;4x1m
2qja,A(2) B(2),1rew;2qja;2qj9;2qjb
1mqk,A B,3dur;1mqk;3dus;3duu
2ffn,A,2cth;1j0o;2ffn;1wr5;1j0p;1mdv;2ewi;2ewu;2ewk;2z47;2yxc
3qyt,A,4h0w;5dyh;1h76;1jnf;2hav;3qyt;3v83;4x1b;4x1d
1mw1,A,4flo;4fls;4flq;4flr;1jgi;1g5a;1jg9;1mw1;1mw2;1mw3;3ueq;1mvy;1mw0;1s46;1zs2
3i4l,A,3qia;3m4y;3nd8;3qjy;3se0;1vdz;3mfy;3sdz;3i4l;3i72;3i73;3p20
1e39,A,1qjd;1y0p;1ksu;1kss;1m64;1jry;1jrx;1jrz;2b7s;2b7r;1e39;1lj1;1p2e;1p2h;1q9i
1og5,A,4gqs;1pq2;2nnh;2nni;2nnj;2vn0;1r9o;5a5i;5a5j;1og2;1og5;4nz2;1n6b;1nr6
3rsm,A,3bkq;3c04;1k35;1p5d;1p5g;1pcj;1pcm;2fkf;2h4l;2h5a;4mrq;1k2y;4il8;3rsm;2fkm
4wsx,A(3) B(3),4wsx;4xq5;4d00;4xqo;4qy0;4qy1;4qy2;4wsw;4cyv;4cyw;4cyz
2bvj,A,2whw;2wi9;2vzm;3zk5;3zpi;4b7s;4bf4;4umz;2bvj;2c6h;2c7x;4b7d
2vjq,A(2),1p5h;1p5r;2vjp;2vjn;2vjo;2vjq;1vgr;1vgq;1t3z;2vjk;2vjl
1b3n,A(2),4jrh;4jrm;2gfy;4r8e;3hnz;3ho2;3ho9;3i8p;2gfv;2gfx;3g0y;3g11;1b3n;1kas;2gfw
3x09,A(2),3x05;3x06;3x07;3x08;3x09;3x0a;3x0b;3x0c;2ybx;3wzz;3x01;3x02;3x03;3x04
3umj,A,4fdm;4x6u;4x71;4x7b;4x85;2w22;3auk;1ku0;2dsn;3umj;2z5g;5ce5;4fmp
4c6b,A(2),4by3;4c6b;4c6c;4c6d;4c6e;4c6f;4c6i;4c6j;4c6k;4c6l;4c6m;4c6n;4c6o;4c6p;4c6q
1w5p,A(8),2c13;2c14;2c15;2c16;2c18;2c19;1b4k;1gzg;1w5o;1w5n;1w5m;1w5q;1w54;1w56;1w5p
1t4g,A,1t4g;1xu4;2b21;2fpk;2fpl;2fpm;2i1q;3fyh;3etl;3ew9;3ewa;2f1h;2f1i;2f1j
3lxp,A,3lxn;3lxp;3nyx;4gfo;5f20;4e1z;4e20;4py1;3nz0;4gvj;4gih;4gii;4gj2;4gj3
3r3x,A(2),3r3v;3r3w;3r3x;3r40;5k3b;5k3e;3r3y;3r41;5k3a;3r3u;3r3z;5k3c;5k3d
4q7i,A(2),4xsl;4ytq;4ytr;4yts;4ytt;4ytu;5j8l;4pgl;4pfh;4q7i;2ou4;2qul;2qum;2qun
3ror,A,1y1n;1yj3;3iu7;3iu8;3iu9;3pka;3pkb;3pkc;3pkd;3pke;4idy;4iec;4if7;3ror;4ook
2bbt,A,2bbs;4wz6;1q3h;1r0w;1r0x;1r0y;1r0z;2bbo;1xmj;2bbt;3si7;1xf9
3l2z,A,3rux;4xtu;4xtv;4xtw;4xtx;4xty;4xtz;4xu0;4xu1;4xu2;4xu3;2cgh;4op0;3l2z
3vdq,A(4),2yz7;3vdq;3w8d;3w8e;3w8f;5b4t;5b4u;5b4v;2ztm;2ztu;1wmb;1x1t;2ztl;2ztv
2vqs,A(2),1j90;1oe0;1ot3;2jj8;2vp0;2vp2;2vp5;2vp9;2vpp;2vqs;1zm7;2jcs
4eod,A,3f0l;3f0m;3nb8;3nb9;3ajg;3ajh;3i95;4eoe;4eod;4eoc;2d1e;2dke;3i8u;3i94;4qcd
4u2f,A,1zi8;1zj5;1zi9;1zj4;4u2g;4u2e;4u2f;1zic;1zix;1zi6;1ziy;4p92
3wou,A,3aok;3wou;1kwn;1lr2;1lr3;1lxz;1ly0;1pp3;2blr;2blu;2d8o;2d8p;2oqn;2vhk;2vhr;2vi1;2vi2;2vi3;2vi4;2vu6;2vu7;2wbz;3n02;3n03;3qy5;3zej;4axr;4axu;4c3c;4tvt;4zg3;4zxr;5a47;5amz;5avg;5fgt;5fgx;5jvx;5kw4;5kw5;5kw7;5kw8;3al7;3ald;3e3s;3v7v;3v82;3v84;3v87;3v88;3v8a;3vce;3vcg;3vch;3vci;3vcj;3vck;3vhf;3vhg;3vjq;3wxs;3x3o;3x3p;3x3q;3x3r;3x3s;3x3t;4dc5;4dc6;4xvb;1rqw;2a7i;2g4y;3dzn;3dzp;3dzr;3e0a;4diy;4diz;4dj0;4dj1;4ek0;4eka;4ekb;4ekh;4eko;4ekt;4el2;4el3;4el7;4ela
2c8b,A,2c8g;2c8h;2c8e;1g24;1gzf;1uzi;2c89;2c8a;1gze;2c8b;2c8c;2c8d
1ijb,A,4c29;1auq;1ijb
1sq0,A B,4c2b;4c2a;1sq0
1n8n,A(4),1n8n;1n9k;1rmq;1rmy;2b82;2b8j;2g1a;2heg;2hf7;3cz4;1z5g;1z5u;1z88;2aut
4emu,A(2),4qxr;4qxq;4qxp;4qxo;4jc5;4kby;4kc0;4yp1;4emt;4emu;4loh;4loi;4loj;4lok;4lol
4uon,A,1kxf;1wyk;4agj;4agk;4uon;5g4b
3kuv,A(2),3kv7;3kv8;3kvz;3kw1;3kx7;3kx8;3p2q;3p2r;3p2s;3p3f;3p3i;3kvi;3kuv;3kuw;3kvu
1qr9,A(3),1df4;5hfm;1f23;5hfl;5cmu;5cn0;1i5y;1i5x;1dlb;1qr8;1qr9;2ot5;1k34;1k33
3s4b,A(2),3s4c;3afj;3acs;3act;2cqs;2cqt;3qfy;3qfz;3qg0;3rrs;3rsy;3s4a;3s4b
4b31,A(4),4b40;4b5k;4b2y;4b31;4aun;4aul;3ej6;3zj5;4aj9;4aue;4aum;4b7a
4kqe,A(2),4kqe;2pme;2zt5;2zt7;2pmf;2q5i
3om3,A B,3om3;3oma;3omi;3omn;2gsm;3dtu;3fye;3fyi
3s1f,A,2qpm;3kjm;3s1d;3s1e;3s1f;2qkn;3bw7;3c0p;3dq0;3s1c;1w1o;1w1q;1w1r;1w1s
5kln,A(4),5kln;5klo;4u3w;4i1w;4i25;4i26;4i2r;4npi;5klk;5kll;5klm;4oe2;4ou2;4oub
1j0y,A,1b90;1b9z;1j0y;1j0z;1j10;1j11;1j12;1j18;1vem;5bca;1itc;1vep;1veo;1ven
3fjj,A,4qbc;4qbv;3fjk;3hom;2j3p;2uus;4xki;4yol;3crg;3crh;3cri;4qc4;4qal;3hal;1k5u;2hwm;2hw9;2hwa;1q03;1q04;2hz9;3b9u;1m16;3ba7;3bav;3bag;3bao;3baq;3bah;3bad;3ba5;3ba4;3bau;4q9p;4q9g;4q91;1pzz;3fgm;3bb2;2ntd;4qo3;3fjh;3fja;3fji;3fjb;3fjc;3fj8;3fjd;3fj9;3fjj;3fje;3fjf;1z2v;1yto;2aqz;1z4s;3cqa;1p63;1nzk;2q9x;3o3q;1hkn;1rg8;3jut;3k1x;3ud7;3ud8;3ud9;3uda
3i5j,A(2) B(2) C(2) D(2),3ge3;3ge8;3dhh;3dhi;3i5j;3i63;3q14;3q3m;3q3n;3ri7
1tju,A(4),1tjv;1tjw;1u15;1u16;1tju;1k7w;1hy1;1auw;1i0a;1hy0;1xwo;1k62;1dcn
1tv5,A,4cq8;4cq9;4cqa;4orm;4rx0;5del;5fi8;1tv5;3sfk;3i65;3i68;3i6r;3o8a;5boo
3dwn,A,3dwn;3pgs;3pgr;3pgu;2r4p;2r88;3pf1
1p2n,A B,1p2m;1t8l;1t8m;1t8o;1t8n;1t7c;1p2o;1p2n;1p2q
2vqo,A,2vqo;4cby;5a2s;2vqq;3c0y;3c0z;3c10;3znr;3zns;2vqj;2vqm
1g8r,A(2),2nqr;2nqu;2nqq;2nqs;2nqk;2nqn;2nro;1fc5;1g8l;1g8r
4e8f,A,4ud4;4ud5;4ep7;4fh3;4fh5;4fhp;4fhv;4fhw;4fhy;4fhx;4nkt;4e8f
3zvu,A B,3qn1;3zvu;4wvo
1quk,A,1ixh;1a54;1a55;1qui;1quj;2z22;1a40;1qul;1quk;1ixi;1ixg
5kws,A,2fvy;2fw0;2hph;2qw1;2ipl;2ipm;2ipn;5kws;3ga5
2xwi,A,2cex;2cey;2v4c;2wyk;2xwv;3b50;2xwo;2xwk;2xxk;2xwi;4mmp;2wx9;2wyp;2xa5
4etl,A,3tk2;3tk4;4jpx;4esm;4etl;4q3z;4q3x;4q3y;4q3w;1ltu;1ltv;1ltz;3tcy;4jpy
2zps,A,1utj;1utk;1utl;1utm;2zpr;2zpq;1hj8;2zps;1mbq;2eek
1so4,A(2),1xbx;1xbz;1kv8;1kw1;1q6l;1q6o;1q6q;1q6r;1xbv;1xby;1so4;1so5;1so6;1so3
3cs6,A,1db1;1ie8;1ie9;1s0z;1s19;1txi;2ham;2har;2has;2hb7;2hb8;3a3z;3a40;3a78;3auq;3aur;3ax8;3az1;3az2;3az3;3b0t;3cs4;3cs6;3kpz;3ogt;3p8x;3tkc;3vhw;3w0a;3w0c;3w0y;3wgp;3x31;3x36;4g2i;4ite;4itf;5gt4;3a2j;3m7r
4n1g,A,1jf2;1s36;4mrx;4mry;4n1f;4n1g;3kpx;1jf0;1sl7;2f8p;1el4;1qv0;1qv1;1sl9
2jev,A(2),3bj7;3bj8;2f5i;2fxf;2g3t;2jev;2b3u;2b3v;2b4b;2b58
3f64,A,1o9v;1o9w;1zpl;2bsc;3f64;3f6j;1oio;1o9z;1zk5;2bs7;3ffo;4k0o
3r3a,A(4),3r36;3r37;3r3a;3r3b;3r34;3r35;3tea;3r32;3r3d;3r3f;3r3c;1q4s;1q4t;1q4u
4wre,A(3),4wuw;4wux;1r13;1r14;3pak;3paq;3par;3pbf;5ffr;5ffs;5fft;4wrc;4wre;4wrf
4rrh,A(2),4rrj;4rrk;4rrl;4rrm;4rrh;4rri;4rr6;4rr7;4rr8;4rr9;4rra;4rrb;4rrc;4rrd
1xln,A,1oqr;1xlp;1xlq;1r7s;1oqq;1xln;1xlo
1jhg,A(2),1mi7;1zt9;3ssw;3ssx;1jhg
2bs5,A(3),2bs5;5ajb;5ajc;3zw2;3zwe;3zzv;4i6s;2bs6;3zi8;2bt9
3b78,A B,1zm4;1zm9;3b78;3b8h;3b82
5ac5,A(2),5ac4;5a69;5a6a;5a6j;5a6k;5ac5;2epk;2epl;2epm;2epn;2epo
4ufb,A,2xyd;4ca6;4bzs;3nxq;4bxk;4ufa;4ufb;5am9;5ama
4d6d,A,2wmj;4d6f;4d6j;2wmk;4d6g;4d6i;4d6e;4d6d;4d6h;4d72;4d71
4g37,A,1ba3;1lci;3iep;3ier;3ies;3rix;4e5d;4g36;5dv9;5dwv;3qya;4m46;4g37
5ejm,A(2),2jla;2jlc;5ej4;5ej5;5ej6;5ej7;5ej8;5ej9;5eja;5ejm;3flm;3hww;3hwx
1gq1,A(2),1dy7;1h9y;1hcm;1hj3;1hj4;1hj5;1gq1;1e2r;1aof;1aom;1aoq;1qks
3v9h,A(2),3v9g;4oe5;3v9j;3v9k;3v9l;4e3x;4lgz;4lh0;4lh1;4lh2;4lh3;3v9i;3v9h
1qqt,A,1p7p;1pfu;1pfv;1pfw;1pfy;1pg0;1pg2;3h9c;1qqt;3h97;3h99;3h9b
4n9y,A,5a7r;4n9z;4n9y;4na5;4na6;4a0d;4b1g;4b1h;4b1i;4b1j;4fc2;4na4
3jtr,A B,1or0;2ae3;3jtq;1ghd;2ae5;3jtr;1gk0;1gk1;2ae4;1fm2;1jvz;1jw0
3rho,A(4),3rhm;3rho;4gnz;3rhj;3rhl;2o2p;2o2q;2o2r;4go2;3rhp;3rhq;3rhr
3vij,A,3vik;3vil;3vij;3ahz;3vif;3vig;3vih;3vii;3ai0;3vim;3vin;3vio;3vip
5ccm,A,3mek;3oxf;3pdn;3qwp;3ru0;5ccl;5ccm;5hi7
3dnu,A,3tpt;3tpb;3dnt;3dnu;3tpd;3tpe;3tpv
1yoo,A(2),4dbc;2d66;2d7z;1toj;1tok;1toe;1toi;1czc;1cze;2d64;2d65;1ix6;1ix7;4f5l;4f5g;4f5i;4f5j;4f5h;4f5k;4f5f;1tog;1yoo;1bqa;1bqd;1ix8;2d5y;1c9c;1cq6;1cq7;1cq8;1x28;1x29;1x2a;2q7w;2qa3;2qb2;2qb3;2qbt;3pa9;3paa;3qn6;3qpg;4f5m;2d61;2d63;2d7y;3zzj;3zzk;4a00
3pfz,A,4v1z;4v20;4xeb;4zzt;4zzu;4zzv;4zzw;5amp;1q9h;3pfj;3pfx;3pfz;3pl3
3fqa,A(2),5hdm;3fq8;3fqa;2cfb;2hoy;2hoz;2hp1;2hp2;3fq7;3usf;2gsa;4gsa
4y6r,A(2),4y67;4y6p;4y6r;4y6s;5jaz;5jbi;5jc1;5jmp;5jmw;5jnl;5jo0;4kp7;4gae
4x8x,A(2),4x9i;4x9b;4x83;4x8x;4x9f;2v5m;2v5s;4xhq
4p7y,A(4),2rfv;1y4i;4mkk;4mkj;5d5s;5e4z;4p7y;3jw9;3jwa;3jwb;3mkj;4oma
4drt,A,1nzo;1nzu;1z6f;3beb;3bec;3mzd;3mze;3mzf;5j8x;4drt;1hd8;1nj4;1sdn
1guv,A,1lg1;1lg2;1lq0;4wjx;4wk9;4wka;4wkf;4wkh;1guv;1hki;1hkj;1hkk;1hkm
3l04,A(3),3l05;3l06;3l04;3l02;3m4n;3m5d;3m5c;3kzc;3kzk;3kzm;3kzn;3kzo;3m4j
3ksd,A(4),3k9q;3l4s;3ksd;3ksz;3hq4;3kv3;3k73;3l6o;3lc2;3lc7;3lvf;3lc1
3fi0,A(2),1i6k;1i6l;1i6m;1m83;1mau;1mb2;2ov4;3fhj;3fi0;5dk4;3u1v;1d2r
2hdh,A(2),1f0y;3rqs;3had;1lso;1lsj;1m75;1m76;1il0;2hdh;1f12;1f14;1f17
4l5a,A(3),5f78;5f7j;5f7o;5f7x;5f7z;5fak;4l5a;4l5c;4l5y;4l6i;5f73;5f76;5f77
3m7c,A(3),3m71;3m7b;3m7c;3m7e;3m7l;4ycr;3m78;3m74;3m75;3m76;3m77;3m73;3m72
4rv3,A,3v1h;4i9t;4f2t;4rv3;4f2u;4i8y;4i90;4i9j;4i9m;3v16;3v18;4f2b;4s3g
2ci1,A,2c6z;2ci3;2ci4;2ci5;2ci6;2ci7;2ci1;2jai;2jaj;3i2e;3i4a
4imc,A(4),4woq;4woz;4imc;4imd;1f5z;1f6k;1f6p;1f73;1f74;1f7b;4ime;4imf;4img
3nxo,A,3f8z;3ghc;3ghv;3s3v;1kms;1kmv;1pd8;1pd9;1pdb;1s3u;1s3v;1s3w;1u72;2c2s;2c2t;2w3a;2w3b;2w3m;3fs6;3ghw;3gyf;3ntz;3nu0;3nxr;3nxt;3nxv;3nxx;3nxy;3nzd;3s7a;4ddr;4g95;4kak;4kbn;4kd7;4keb;4kfj;4m6j;4m6k;4m6l;4qhv;4qjc;5hpb;5hqy;5hqz;5hsr;5hsu;5ht5;5hui;5hvb;5hve;3k45;3eig;3nxo;1u70;1u71;2fzj;3d80;3d84;3k47;3f8y;3gi2;3l3r;3f91;3n0h;3oaf
3qrw,A(4),1w4z;1x7g;1x7h;1xr3;2rh4;2rhc;4dbz;4dc0;4dc1;2rhr;3csd;3qrw;3ri3
4x56,A,4x53;4x56;3pae;4f94;2jc7;3fv7;3fyz;3fzc;3g4p;3mbz;3znt;4wm9;3pag
4jkb,A,4jkf;4jkc;4jkb;4jkh;4jkd;4jke;4jk8;4jka;3enb;4jk7;4jk9
4dww,A,3vyv;4dww;1c3l;3unx;1sbi;3f49;1dui;1sbh;1af4;1av7;1be6;1be8;1bfk;1bfu;2wuv;2wuw;4c3u;4c3v;1avt;1vsb;3vsb
1y33,A B,1y4a;1y4d;1tm3;1to2;1y48;1to1;1lw6;1tm1;1tm4;1tmg;1tm5;1tm7;1y34;1y3f;1y3c;1y33;1y3d;1y3b;1y1k
3mzg,A B,3n06;3n0p;3ncb;3d48;3mzg;3ncc;3nce;3ncf
1vew,A(2),1d5n;1mmm;1vew;3k9s;3ot7;1i08;1en5;1en4;1en6;1i0h;1ix9;1ixb;1zlz
1qip,A(2),1fro;1qin;1qip;3vw9;3w0t;3w0u;2za0;4kyh;4kyk;4opn;4pv5;4x2a;1bh5
1dg8,A,1df7;1dg5;1dg7;1dg8;4klx;4km0;4km2;4kne;4m2x;2w3v;2w3w;2cig
3h6d,A(3),1six;1sm8;1smc;1snf;2py4;3hza;3i93;3loj;5ect;5edd;4gcy;3h6d
4xdv,A(2),4xbt;4xbx;5jpu;5cf1;1nww;1nu3;4xby;4xdv;4xdw;5ck6;5clk
5hwu,A(2),5hwu;5hx1;2yeu;2yf3;2yf4;2yf9;2yfc;2yfd;5hva;5i0m;5hyl;5hzz;5i0j
3ifw,A B,3ifw;3kvf;3kw5
2hd5,A B,2ibi;2hd5;3nhe;3v6e;3v6c
4c3l,A(3),2xbp;4aff;2xul;2xzw;4c3l;4c3m;1ul3;1qy7
2vx9,A(12),1mog;2cc6;2cc7;2cc8;2cc9;2ccb;2ccc;2cie;2cif;2cjc;2vkf;2vkg;2vx9
2nlq,A,1iju;1ijv;2plz;2nlc;2nlp;2nlg;2nlq;2nld;2nls;2nlf;2nlh;2nle;2nlb
2g25,A(2),3lq2;3lq4;2qta;2qtc;3lpl;1l8a;1rp7;2g25;2g28;2g67;2iea
3zss,A(2),4cn1;3zss;3zst;3zt5;3zt6;3zt7;4cn4;4cn6;5cvs;4u2y;4u2z;4u31
3rgm,A,3m8b;3m8d;3rgm;3rgn;1nqf;1nqe;2guf
5ea4,A(3),5ea4;5ea7;4ccf;5ea8;5k6f;5k6b;5k6g;5k6h;5k6i
1oen,A,1ygg;1ylh;1aq2;1ayl;1k3c;1k3d;1os1;2olq;2olr;2pxz;2py7;1oen
3unw,A(4),5d3o;5i94;3unw;3uo9;5fi6;5hl1;3ss3;3ss4;3ss5;4jkt
4a0m,A(2),4i8p;4i9b;4i8q;3iwj;3iwk;4v37;4a0m
2wr7,A(3),2wr0;2wr1;2wr2;2wr3;2wr4;2wr5;2wr7
3om6,A,3byl;3byn;3byj;3byk;3om4;3om2;3om6;3om7;3om5;1oyg;1pt2
2xvj,A(2),2xvi;2xvj;2xlr;2xlp;2vq7;2vqb;2xlt;2xlu;2xve;2xvf;2xvh
5aeu,A(3) B(3),3gzx;2xr8;2xrx;2xsh;2xso;5aeu;5aew;2yfi;2yfj;2yfl
2w0a,A,1x8v;2bz9;2ci0;2cib;2vku;2w09;2w0b;1u13;2w0a;1e9x;1ea1;1h5z
4u0m,A,5go3;4u0m;4u0l;4u0n;4txz;4ty0;4u03;4xj1;4xj3;4xj4;4xj5
1obl,A(2),1o9q;1och;1o9o;1o9p;1obi;1obk;1obl;1obj;1o9n;1ock;1ocl;1ocm
4m82,A,2pf0;2pbo;2pc8;3n9k;3o6a;1eqp;1cz1;1eqc;2pb1;4m80;4m81;4m82
3wzy,A(2),3wzx;3wzy;3vkz;3vl2;3vl3;3vl4;3vl6;3vl7;3vmj;3wzv;3wzw;3vmk
1rm5,A(4),1rm3;1rm5;1nbo;1rm4;2pkr;3k2b
2xe5,A(3),2xe1;2xe3;2xe5;2xe2;5fvn;2j1n
2ahb,A(2),1u6e;1u6s;2qny;2qo0;1hzp;1m1m;2qnx;2qnz;2qo1;2ahb;2aj9
2cmw,A,2c47;4nt4;2cmw;2chl;2izr;2izs;2izt;2izu;4g16;4g17;4hgl;4hgs
1h7n,A(8),1h7n;1ohl;1w31;1ylv;1aw5
4epk,A(2),2hbv;2hbx;4epk;4era;4erg;4eri;4ifr;4ifo
2j1p,A(2),5e8h;5e8l;2j1p;2j1o
5k3v,A(12),5k2z;5k3v;2nv1;2zbt;1znn;4wxz
3ork,A,3ori;3ork;3orl;3oro;3orp;3ort;3orm;3f61;1o6y;2fum
4gog,A,2qpn;4gog;4gnu;4h8r;5f82;5f83;3v3r;3v3s;3tsg;3ni9;3nia;4qu3
2puh,A(4),3v1k;3v1n;3v1l;3v1m;2og1;2pu5;2pu7;2puj;2puh;2rht;2rhw;2ri6
4rf2,A(4),4rf2;4rf4;1nxq;1zk4;1zjy;1zjz;1zk0;1zk1;1zk2;1zk3;4rf5;4rf3
4ryu,A(2),2v4n;2v4o;4g9o;4gad;4xep;4xer;4xgb;4xgp;4ryt;4ryu;4xj7
3a6l,A(6),3a6e;3a6f;3a6h;3a6g;1q3k;1j2t;1j2u;1v7z;3a6d;3a6j;3a6k;3a6l
2vs6,A,1j4g;1qd2;1bry;2vs6;1gis;1nli;2jjr;1giu
4z21,A,1pbv;4jmi;4jmo;4jwl;4jxh;4l5m;4z21;4a4p;1r8m
1omr,A,4yi8;4yi9;1omr;4m2q;4mlw;2d8n;4m2p;1omv;4m2o
4zd5,A,4zd5;4zd4;4jxe;4ms7;4msj;4msd
5gw6,A,1ej1;1l8b;4tpw;4tqb;4tqc;5gw6
2znd,A(2),2zn8;2zn9;2znd;1hqv;3aak;5jjg;3aaj
3iho,A,1ngn;3iho;4e9e
1b4t,A(2),1b4l;1yaz;1f1d;1f18;1f1a;1b4t
3mit,A(2),4pit;4piu;2bmy;2bmz;2bn0;4pif;4pik;5exg;1x1v;3mit;3miu
1ar0,A(2),1jb2;1jb4;1jb5;1ar0;1gy5;1u5o;1ask;1qma;1gy6;1oun
3awh,A(2),3a6r;3a6q;3amf;3vy5;3vy2;3vya;3awh;2e83;1flm;1wli;1wlk;3a20
3g50,A(6),1t6i;1t6q;1t6u;3g4x;3g4z;1q0d;1q0f;1q0g;1q0k;1q0m;4ncq;3g50
1i71,A,1i71;1krn;4bv5;4bv7;4bvc;4bvd
4mml,A(6),1u1s;1u1t;3qui;4j5y;4j6w;4j6x;4j6y;3m4g;3inz;4mml;4mmk;5i21
1e18,A,1e60;1e61;4dmr;1e18;1dms;1eu1;1dmr;1e5v;1h5n;2dmr;3dmr
1qm5,A(2),1qm5;2ecp;1l5v;1l5w;1l6i;2asv;2av6;2aw3;2azd
3ppc,A,3ppf;3ppg;4l5z;4l61;4l64;4l65;4l6h;4l6o;4qqu;3pph;3ppc
1t7n,A,1t7n;1t7o;1nm8;1t7q;2h3w;1ndb;1ndf;2h3p;2h3u
1y9d,A(4),1y9d;2ez4;2ez8;2ez9;2ezt;2ezu;4fee;4feg;4kgd
1mw9,A,1mw9;3pwt;1cy0;1cy2;1cy4;1cy7;1cy8
4c7g,A,4c7d;4c7f;1m03;1m04;4c7g;1hp4;1hp5;1jak;1m01;5fcz;5fd0
3hu1,A(6),1e32;3hu2;3hu1;4kln;5dyg;3hu3;4ko8;4kod
2ez2,A(4),2tpl;2ycn;2ycp;2yhk;1c7g;2ez1;2ez2;2vlf;2vlh;2yct
1s0a,A(2),1s08;1s07;1s06;1s0a;1s09;1mgv;1mly;1mlz;1qj3;1qj5
2p6i,A(2),2hr8;2p6l;2hux;2pci;2huq;2owk;2egl;2egb;2egs;2dxv;2dxx;2dxw;2z6r;2dsg;2dsh;2dsi;2eh2;2eh4;2ehc;2ehl;2eh5;2pb6;2pb5;2pb4;2e7r;2p5c;2p5f;2e4n;2e4r;2en5;2eni;2pca;2pcg;2pch;2pcm;2pck;2hut;2huv;2p9d;2ejz;2ejj;2ejk;2ed5;2ed3;2eeq;2dv3;2dv4;2dv5;2dv7;2e16;2e15;2e17;2p6i;2p6d;2p6k;2e08;2e07;2e8s;2e8h;2e8r;2e8q;2owv;2owu;2owg;2owf;2p2x;2el2;2el3;2eld;2ele;2el0;2el1;2ek3;2ek7;2eka;2ek2;2ek4;2emu;2emr;1vce;1wng;2dek
4j5m,A,3wb8;4lli;4j5m;4j5l;4lx1
4guv,A,3v3n;3v3o;3p9u;2xdo;2y6q;4a99;4guv
2uy8,A(6),5hi0;4met;2uy8;2uyb;2v09;2uya;3s0m;1j58;1l3j;1uw8
2nu6,A(2) B(2),2nu8;2nu9;1cqj;1jkj;2nu6;2nua;2nu7;1jll
4luu,A,4lxw;4ltz;3lgk;4lz3;4lz0;4lzc;4luu;3lg5;3kb9;3kbk;4ltv
3pnk,A(2),3pno;3pnq;1uoe;1oi2;1oi3;1uod;3pnk;3pnm
1oq9,A(2),1afr;1oq4;1oq9;1oqb;2j2f;4v0j
2ary,A,1tlo;2g8e;2g8j;2nqg;2nqi;2r9c;2r9f;2ary;1kxr;1mdw;1zcm
3qni,A(2),3abh;3q0k;3aco;3hah;3q84;3qni;2x3v
1vfe,A,1eh3;1h43;1h44;1h45;1vfe
4lj7,A,4fcw;4lj7;4lj5;4lj6;4lj8;4lj9;4lja
1nqa,A(4),3dbv;4dbv;1dbv;2dbv;1nq5;1nqo;1npt;1nqa;3cmc
2z58,A B,2z30;3a3n;3a3o;3vv2;2z58;2z57;2z56;3a3p;2z2y
1ods,A(6),2xlb;2xlc;3fyt;1ods;1odt;1l7a;3fvr;3fvt
1hzo,A,1ylj;1yly;1ym1;1yms;1ymx;3g2z;3g30;3g31;3g32;3g34;3g35;4len;2zq7;2zq9;2zqa;2zqc;2zqd;5a91;5a92;5a93;5g18;4pm9;4pma;4pm5;4pm6;4pm7;4pm8;1ylt;1ylz;1iys;4x69;2p74;3g2y;4dds;4ddy;4de0;4de1;4de2;4de3;4hbt;4hbu;4s2i;4xuz;5fa7;5fap;3hlw;3hre;3huo;3hvf;3q07;3q1f;2xr0;2zq8;4bd0;1hzo;3byd;3zny;1ylp;1ylw;4xxr;3bfe;1we4;3bfc;3bfd;3bff;3bfg;4ua6;4ua7;4ua9;4uaa;1bza;1iyo;1iyp;1iyq
1uzr,A(2),3n37;3n38;4m1f;3mjo;1uzr;1r2f;2r2f
4keu,A(2),4ket;4g2d;4kes;4ker;4keu;4kez;4kev;2vc5;2vc7;3uf9
1jrb,A(2),1jub;1ovd;1jqx;1jqv;1jrb;1jrc;1dor;1jue;2bsl;2bx7;2dor
2bfm,A(4),1e7w;1e92;2bf7;2bfa;2bfm;2bfo;2bfp;1p33;2xox
5iqi,A,4ork;5byl;5iqa;5iqb;5iqc;5iqd;5iqe;5iqf;5iqg;5iqh;5iqi
4lp8,A(4),2x6c;4lp8;1xl4;2wlj
3vyo,A,3tur;3u1p;3u1q;3vae;3vyo;3vyp;4gsq;4gsr;4gsu;3tx4;4huc
2bji,A(2),1awb;4as4;4as5;2bji
3vxk,A,4dnq;4dnp;3vxk;3w04;3w05;3wio;4ih9;4iha;5dj5
3uj9,A,4r6w;4r6x;3uj6;3uj7;3uj8;3uj9;3uja;3ujb;4fgz;3ujd;3ujc
2dzu,A,2dzt;2dzv;2dzx;2dzu;2dzw;2dzs;2dzp;2e09;1geq
2qds,A,3sw3;3t9m;1x8h;1x8i;3fai;3iof;3iog;1x8g;2gkl;2qds;3f9o
4urn,A,4em7;4emv;4lp0;4lpb;4mb9;4mbc;4mot;5boc;5bod;4urn;4hz5
5dsf,A,3f2g;3f2h;3f0o;3f0p;3f2f;3fn8;5u79;5u7a;5c0t;5c0u;5dsf
3mw3,A,2r1b;3mw3;3mw2;3bod;3mw4;1c4r
4kpd,A(2),4kfa;4q23;1yq7;1yv5;1zw5;2f7m;2f89;2f8c;2f8z;2f92;2f94;2f9k;2opm;2opn;2rah;2vf6;3b7l;3n1v;3n1w;3n3l;3n45;3n46;3n49;3n5h;3n5j;3rye;3s4j;4dem;4ga3;4h5c;4h5d;4h5e;4jvj;4l2x;4lfv;4lpg;4lph;4n1z;4nfi;4nfj;4nfk;4p0v;4p0w;4p0x;4pvx;4pvy;4qpf;4qxs;4rxa;4xqr;4xqs;4xqt;5cg5;5cg6;5dgm;5dgn;5dgs;5diq;5djp;5djr;5djv;5ja0;3cp6;4ng6;4n9u;4kpd;4nua;2qis;4kpj;4kq5;4kqs;4kqu;4nke;4nkf;4ogu
3pn6,A,3m6r;3pn6;3m6o;3m6p;3pn2;3pn3;3pn4;3cpm
4wh7,A,1ym9;1ymd;1ymk;1yml;1ys0;2ifv;2ifd;2a2k;4wh7;4wh9
3x2g,A,3x2j;3x2k;3x2l;3x2m;3x2n;3x2o;3x2p;4zm7;3x2g;3x2h;3x2i
4lhr,A(3),1rnj;1syl;1eu5;1euw;1rn8;1seh;2hr6;2hrm;4lhr
4xbl,A(2),4y1u;4y1v;4y1x;4y1z;4y24;4xbl;4y1y
1sk2,A,1s3c;1sd9;1i9d;1j9b;1jzw;1sd8;1sjz;1sk1;1s3d;1sk0;1sk2
2j6w,A,1ljm;2j6w;1ean;1eao;1eaq
3fd7,A,1yv4;1yv6;3hg6;3phn;3snf;3u00;3u01;3fd7;2gmk;1yv7
4ra8,A(2),2x6g;3kbx;4ra8;2x69
1yu7,A,1yu5;2rjx;2rjy;3mya;3myc;2rjv;2rjw;3mye;1yu8;1yu7;3nkj
1c30,A(4) B(4),1m6v;1cs0;1kee;1c30;1c3o;1t36;1ce8
2vot,A,2je8;2vjx;2vl4;2vmf;2vo5;2vot;2vqt;2vr4;2wbk;2vqu
4wpv,A,4wpu;4wpv;4rcg;5i67;4r43;4wie;4wiu;4wl8;4wou;4wpt
1vne,A,1vnh;1vng;1vnf;1vne;3bb0;1vni;1vns
2wdq,A B C D,2wdq;2wu5;2wu2;2wp9
3vez,A,3vf2;3vf4;3vex;3vez;3ver;3ven;3veo;3ves;3vet;3vew
20gs,A(2),2oa7;2oac;10gs;11gs;12gs;13gs;14gs;16gs;18gs;19gs;1aqv;1aqw;1aqx;1zgn;20gs;2a2r;2a2s;2gss;3csh;3csj;3dd3;3dgq;3gss;3gus;3n9j;3pgt;5dcg;5ddl;5djl;5djm;5gss;5j41;5jcw;6gss;7gss;8gss;9gss;1bay;22gs;17gs;3csi;1kbn;1md4;1md3;2oad;3o76;4gss;3ie3;1px7;1px6;1eoh;1lbk;1eog;4pgt;3hjm;3hjo;3hkr;3km6;3kmn;3kmo
3fw8,A,3fw8;3fwa;4pzf;4ec3;3fw7;3d2d;3d2h;3d2j;3fw9;3gsy
2zz0,A(2),2zz0;2zzc;2cfy;2j3n;4kpr;3ean
2ze4,A,1v0r;1v0s;1v0t;1v0u;1v0v;1v0w;1v0y;2ze9;2ze4;1f0i
1qdb,A(2),1qdb;1fs7;1fs8;1fs9;2e80;2e81;3bnf;3bng;3bnh;3bnj
4adm,A(4),3rd8;3qbp;4apb;4apa;3rrp;3no9;4adl;4adm;5f91;5f92
4eui,A(3),1mfi;2gdg;1ca7;1cgq;1gcz;1gd0;1ljt;1p1g;2ooh;2oow;2ooz;3b9s;3ce4;3djh;3dji;3hof;3ijg;3ijj;3jsf;3jsg;3jtu;3l5p;3l5r;3l5s;3l5t;3l5u;3l5v;3smb;3smc;3u18;3wnr;3wns;3wnt;4f2k;4grn;4gro;4grp;4grq;4grr;4gru;4k9g;4osf;4oyq;4p01;4p0h;4pkk;4pkz;4plu;4trf;4wr8;4xx7;4xx8;4z15;4z1t;4z1u;5b4o;5cg4;5hvs;5hvt;5hvv;4gum;4etg;4tru;5bsc;5bs9;5bsi;5eiz;1mff;1fim;4eui;4evg;5bsj
4j0g,A,3wa6;3wa7;4j0c;4j0d;4j0g;4j0h;4j0i;4j0j;4j0k;4jui
3oxo,A(2),3dlx;3oxo;2nrc;2nrb;1m3e;1o9l;3k6m
2omv,A B,2omw;2omv;2omz;2omx;2omt;2omu;2omy;1o6s
2oxe,A,2oxe;1w52;1bu8;1gpl
4xjq,A(2),4xjq;4mze;4mza;4wef;1v2i;1v3b;1v3c;1v3d;1v3e
3n7k,A,3n7m;4fvv;3azw;3n7l;3n7k;3r4s;3r4u
2jg2,A(2),2w8u;2w8w;4bmk;2w8v;2w8t;2x8u;2jg2;2w8j;2xbn
5d2r,A,4wcm;4q6m;4q6n;4q6o;4q6p;4q6q;4wck;4wcl;4wcn;5d2r
1owc,A(6),1owb;1owc;4e6y;4g6b;4jad;4jae;4jaf;4jag
5amv,A,5amv;2bsp;3krg;2nzm;2o04;2o0v;2o0w;2o17;2o1d
4xyb,A(2),2gsd;3fn4;3wr5;2go1;2gug;4xyb;4xye;4xyg
1lij,A,1lio;1dgm;2a9y;2a9z;2aa0;2ab8;2abs;1lii;1lij;1lik
5cgx,A,3w8k;4wbg;1zkj;5f1f;5cgw;5cgx;5cgs;5chj;5chm;5chu
4iiy,A(2),3tlz;3tly;3tlb;3tla;3tle;3tlc;4iix;4iiy
4fah,A(4),4fag;4fbf;4fah;2phd;3njz;3nkt;3nl1;3nst;3nvc;3nw4
4au0,A,1cb2;1qjw;1hgw;1hgy;4au0;4ax6;4ax7;1qk0;1qk2
2bvw,A,1ocj;1ocn;4a05;1gz1;1oc5;1oc6;1oc7;1bvw;1ocb;2bvw
4m6y,A(2),4m73;4m74;4m6y;4m6x;4m72;4m71;4kib;4kic;4kif;4kig
5eba,A,2uwf;5eb8;5eba;5efd;5eff;2f8q;2fgl;4qce;4qcf;4qdm
4m44,A(3) B(3),4m44;2rft;4nrj;4nrk;4nrl
3v0f,A,3awf;3awe;3awg;3v0j;3v0i;3v0d;3v0e;3v0f;3v0g;3v0h
3lha,A,3lh8;3lh9;2r51;3lha;2fau
1hp0,A(2),1kic;1kie;3epw;3epx;1r4f;3b9g;1hoz;1hp0;2ff1;2ff2
4tnu,A(2),2gu2;2q4z;4mri;4mxu;4tnu;2i3c;2o4h;2o53;2q51
5amn,A(2),2ivs;2ivt;2ivu;2x2k;2x2l;2x2m;4ckj;2ivv;4cki;5amn
2xqv,A,2ogw;2osv;2prs;2ps0;2ps9;2xh8;2xqv;2xy4;4bbp
5dyj,A,3lkm;3lla;3lmh;4zme;4zmf;5e4h;5e9e;3lmi;5dyj;4zs4
1mja,A,1mj9;1mjb;3to9;1fy7;1mja;3to7
2hlp,A(4),1o6z;2x0r;1d3a;2j5k;2j5q;2j5r;4jco;4bgu;2hlp
3rvz,A(4),3rvy;3rvz;3rw0;5klb
5c7y,A(2),3wzl;5c7y;5c81;5c8x;5c8z;3wzm;5ie4
2je6,A(3) B(3) C(3),2jeb;2je6;4ba1;3l7z
4i3e,A(2),3ryd;4g61;4i3e;4i3y;4i40;4ptk;3qmf;5eyg;5eyh;5f24
3b1x,A,3b1v;3b1w;3b1y;3b1z;3b1x;3tah;4non;3lx5;3lx8;3ss8
4fr5,A,4fpx;4fos;4foo;4fsh;4fr5;4fq8;3phg;3phh;3phi;3phj
4q0u,A(4),4q0u;4q0v;5avp;3ww1;3ww2;3ww3;3ww4;4q0p;4q0q;4q0s
2bjv,A,2c9c;2bjv;2bjw;2c96;2c98;2c99;2vii;4qnm;4qnr;4qos
4ixt,A(4),3zn2;5kvc;1pwz;1px0;1zmt;1zo8;4ixt;4ixw;4iy1
3dhc,A,4j5f;4j5h;2br6;2btn;5eh9;5eht;2a7m;3dha;3dhb;3dhc
2zct,A(10),2cv4;3a5w;3a2w;3a2x;1x0r;2e2g;2e2m;2nvl;2zct;3a2v
4km6,A,4kmy;4kmz;4kn0;4kn1;4kn2;4km6;4km7;4kmx;4lrh
4cf4,A(2),4ce6;4cnq;4cf4;4cf3;4cf5;2yml;2ymm;2ymp;2ymq;2yn4
1g4t,A,1g4e;1g4p;1g4s;1g67;1g69;1g6c;3o16;1g4t;2tps;3o15
2wcp,A,2wd0;2wcp;2whv;3mvs
4aqa,A B,4xxw;4apx;4aq8;4axw;4aqa;4aqe
1qrm,A(3),1thj;3otz;3ow5;3oup;3ou9;1qrf;1qrg;1qrl;1qrm;3otm
4ese,A(2),4ese;5jro;1tik;1v4b;2d5i;2z98;2z9b;2z9c;2z9d;1t5b
4zan,A(12),4zan;4zaz;3zqu;4zaf;4zav;4zaw;4zax;4zag;4zal;4zay
2e4f,A(4),3agw;3atf;2e4f;3vsq
4ca1,A(2),1k2f;4c9z;4ca1;5h9m
3wjc,A(2),3wjb;3wjc;3wjg;3wjf;3wjd;3wje;4ymy;2a13;2q4n;3emm
4gp7,A(2),4jst;4jsy;4jt2;4jt4;4gp7;4gp6
1f30,A(12),1f30;3ak8;3ak9;4dyu;1dps;1jre;1jts
1kz1,A(5),1kz1;1kz6;1kyv;1kyx;1kyy;2a57;2a58;2a59
2h1b,A,2h1a;2h1b;2h19;3c71;3c73;2f9s;2h1d
2efo,A(8),2pmh;2yx7;2efq;2yx4;2efo;2efp;2efn;2pn6;2e7w;2e7x
3eco,A(2),3eco;5ffz;4ld5;4l9n;4l9t;4l9v
1fnj,A(3),3zop;3zp4;3zp7;1dbf;3zo8;1fnk;1fnj
2jkw,A,1bqk;1bqr;4yl4;2jkw;2ux6;2ux7;2uxf;2uxg
1u3y,A(2),1bfs;1u36;1u3j;1u3y;1u3z;1u41
3w62,A(2),3w5x;3w5y;3w66;3w8p;3w5z;3w8g;3w61;3w65;3w62
5d6v,A(6),3ngk;4qie;4qif;4p2s;4ppd;4rbu;4rbt;5d6v
4ef9,A(2),2djl;2djx;2e68;2e6a;2e6d;2e6f;3w1a;3w1l;3w1m;3w1n;3w1p;3w1q;3w1r;3w1t;3w1u;3w1x;3w22;3w23;3w2j;3w2k;3w2l;3w2m;3w2n;3w2u;3w3o;3w6y;3w70;3w71;3w72;3w73;3w74;3w75;3w76;3w7c;3w7d;3w7e;3w7g;3w7h;3w7i;3w7j;3w7k;3w7l;3w7m;3w7n;3w7o;3w7p;3w7q;3w83;3w84;3w85;3w86;3w87;3w88;4jd4;4jdb;5e93;5ea9;3gye;3gz3;3mhu;3mjy;3tq0;4ef8;4ef9;3tjx;3tro;4wzh;2b4g;3c61
3ree,A(2),2qd0;2qh7;2r13;3ew0;3ree;3lpq;4ezf;4f1e;4f28;4f2c
1h4i,A(2) B(2),1h4i;1w6s;2d0v;4tqo
2zzo,A(3) B(3),3aha;1aik;2zzo
3ahg,A(2),3ahg;3ahj;3ahi;3ahh;3ai7;3ahc;3ahd;3ahe;3ahf
5fji,A(2),5fji;5fjj;4iib;4iic;4iid;4iie;4iif;4iig;4iih
3rt1,A(4),3nb0;3rt1;4kq1;4kq2;4kqm;3nch
3iuj,A,3mun;3muo;3iuj;3iul;3ium;3ivm;3iun;3iuq
2p20,A,2p2f;5jrh;1pg3;1pg4;2p20;2p2j;2p2m;2p2q;2p2b
1uh4,A,1ji1;1uh3;1izk;1izj;2d0f;1uh2;1uh4;2d0g;2d0h
1g9g,A,1g9j;1f9o;1fae;1fbo;1fce;1g9g;1f9d;1fbw;2qno
1g5y,A(4),1g1u;1g5y;4n5g;4n8r;2gl8;3eyb
4ozt,A B,2nxx;4ozt;4ozr
3qgt,A(2),3um5;3um6;3jsu;3qg2;4dp3;4dph;3qgt;3um8;4dpd
3d7k,A(4),3iae;3iaf;4qq8;2ag0;2ag1;3d7k
4i3n,A,4i6i;2xoa;4i1e;4i8m;4i0y;4i2s;4i3n;4i37;4i7i
1hp1,A,1oid;1oie;4wwl;1oi8;1hp1;1ho5;1hpu;1ush;2ush
1bl9,A(2),1bl9;1gjq;1n15;1n50;1n90;1nir;1nno;1hzu;1hzv
5bst,A,5bsw;5bsm;5bsr;5bst;5bsu;5bsv;3a9u;3a9v;3ni2
2oip,A(2),3dl5;3hj3;2oip;1qzf;1sej;4q0e
2j6l,A(4),4x0t;4x0u;4zuk;4zul;4zvw;4zvx;4zvy;2jg7;2j6l
2x1i,A,1cwy;1esw;2x1i;5jiw;1fp8;2owc;2oww;2owx
4b64,A(4),4b63;4b64;4b65;4b66;4b67;4b68;4b69;4nzh;5cku
4pvk,A,3tsh;3tsj;4pvj;4pwb;4pvk;4pwc;4pve;4pvh;4dns
1h9a,A(2),1h93;1h94;1e7m;1e7y;2dpg;1dpg;1e77;1h9a;1h9b
1h71,A,1g9k;1o0q;1o0t;1om6;1om8;1omj;3u1r;1h71
1gcb,A(6),1a6r;3gcb;2dzz;2dzy;2e00;2e02;2e03;2e01;1gcb
4opt,A,4opl;4opu;4opg;4opi;4opt;3atq;3atr;4opc;4opd
1g9h,A,1jd9;1jd7;1kxh;1aqh;1aqm;1b0i;1g94;1g9h;1l0p
4bht,A(6),4fcc;4bht;2yfh
2c0u,A(4),2zaf;2reh;3d9f;2c0u;2c12;3d9g;3d9d;3d9e;3fcj
3hlb,A,3hlc;3hld;3hlb;4lcl;3hle;3hlf;3hlg
5ftb,A,5ftf;5fhf;5fhg;5ftb;5ftc;5ftd
2z1z,A(2),3eia;2z1z;2z20;3ei5;3ei6;3ei7;3ei8;3ei9;3eib
3iel,A,3idz;3ie2;3ie0;3a4y;2dkf;3iek;3iel
2pb0,A(2),4jez;4jf0;4jev;4jew;2pb0;2pb2;4jf1;4jey;4jex
1jip,A,1jio;1z8o;1jip;1z8p;1z8q;1jin
3bdz,A,4l6g;4lht;1t2b;4fb2;4fmx;4fyz;3bdz;4l77
5j3x,A,5hkx;5j3x;2y1m
3o2j,A(2),2wjw;3o2j;3h5v;3h5w;3hsy
4raf,A,3fxj;3fxk;3fxl;3fxm;3fxo;4ra2;4rag;4raf
4hk7,A(2),4lak;4lam;4lan;4lao;4hjw;4lal;4hk5;4hk6;4hk7
3sms,A(2),2i7n;3smp;3sms;5e26;2i7p;3mk6;5kpr;5kq8;5kqd
1gck,A(2),1b5p;1gck;1bjw;1bkg;1b5o;5bj3;5bj4
2q9t,A,3w9v;3w9w;2q9t;4m1v;2v3q;4f18;4f19;4f1u;4f1v
4f8j,A,3uk0;3tx6;4f8j;4fb4;4jb0;4jb2;3ukj;4eyo;4eyq
4czl,A,4czl;4czm;4czf;4czg;4czh;4czi;4czj;4czk;4cze
4l8v,A(4),4l9r;4l8v;3mz0;3nt2;3nt4;3nt5;3nto;3ntq;3ntr
4tt8,A,2bw0;2cfi;4qpc;4tts;4qpd;4r8v;4ts4;4tt8
4q7g,A,4q7g;1pvl;1lkf;3lkf
4i4i,A(4),3u39;6pfk;4i36;4i7e;4i4i;4a3s
3mmw,A,3amg;3aof;3amc;3amd;3mmu;3mmw;3azr;3azs;3azt
4pvg,A,3mow;3o5x;3zm0;3zm1;3zm2;4pvg;4rdd;3b7o;3zm3
4uto,A,3zk9;3zka;4uto;3hh8;3zk8;1psz;3zk7;3ztt;4utp
3nzk,A,3p3g;3ps1;3ps2;3ps3;4is9;4isa;4mqy;3nzk;4mdt
2v6m,A(4),3vpg;3vph;2e37;2v6m;2v7p;2xxb;2xxj;3zzn
3tob,A,5j8c;5j8f;3tob;2giv;2pq8;3qah
2b49,A,4ri5;4ri4;4qun;2b49
4xwy,A(2),4xwy;4z3k;1z6z;4hwk;4j7u;4j7x;1nas;1oaa;1sep
4xvz,A(2),4x7u;4xvy;4xvz;4x7v;4x7w;4x7x;4x7y;4x7z;4x81
3lqs,A(2),1a0g;2dab;1g2w;5daa;2daa;3daa;3lqs;4daa
4l1y,A,4l1z;4l21;4l1y;4l20;1ntf;1si6;1y21;1yjh;2imq
3f5s,A(2),3f5q;3gz4;3f5s;3gy0;3f1k;3f1l;3e9q;3g1t;3iah
1rwb,A(4),3ay7;3ay6;1gco;1gee;1rwb;1g6k;3aus;3aut;3auu
2ioh,A(2),1swv;1sww;2ioh;1rql;1rqn
3ocz,A(2),3ocy;3ocz;3et4;3et5;3sf0;3ocu;3ocv;3ocw;3ocx
3nn1,A(5),4m06;4m07;3nn1;3nn2;3nn3;3nn4;4m08
5ab3,A,5ahf;5ahi;5ab3;5ac6;5ac7;5ac8;5ahe;5a5w;5abt
3rj5,A(2),3rj5;3rj9;1a4u;1b14;1b15;1b16;1b2l;1sby;1mg5
1wku,A,1wku;5a36;5a38;2eyi;2eyn;5a37;5a4b;2r0o
4tlb,A(6),4tl9;4tla;4tlb;4tlc;4tld;4tle;4tl6;4tl7;4tl8
1e2v,A,1ewh;1e2v;1e2z;1e2w;1ctm;1hcz
3ixl,A,2vlb;3dg9;3eis;3ip8;3ixm;3ixl
4pg1,A,4pgi;4pgk;4kvr;4kvs;4tw3;2oc5;4kvq;4pg0;4pg1
2o9f,A(4),2o9f;2o9g;1rc2;3nka;3nk5;2o9e;2o9d
1ioi,A(4),2df5;1z8t;1z8w;1z8x;1ioi;1iof;1x12;1x10;2eo8
1u3i,A(2),2cai;2caq;1u3i;2f8f;1oe7;1oe8;2c80;2ca8
4jru,A,4l5h;4mbt;1aun;2i0w;4l2j;1pcv;4jru;4bct;1z3q
3csl,A B,3csl;3ddr;5c58
4yz0,A,3t9g;4ew9;4yz0;4yza;4yzq;4yzx;4z03;4z05;4z06
1lmh,A,1q1y;3u7k;3u7l;3u7m;3u7n;1lmh;1lm4;1lqw;2ai9
4ory,A,4os3;4os0;4os8;4orw;4orx;4ory;4orr;4ors;4oru
3n1h,A(4),3n1h;4kop;3r9y;3r9z
2aqr,A(2),1z9n;2aqn;2aqs;2aqr;2aqt;2aqq;2aqp;2aps;1z9p
3jxs,A,2y64;2y6g;2y6h;4bj0;5dpn;3jxs;2y6j;2y6k;2y6l
4ecp,A(6),1sxv;1wcf;4z70;4z71;4z72;4z74;2uxs;4ecp
3afq,A(4),3afp;3afq;1ue1;1ue5;1ue6;1x3e;1x3f
2agc,A,1g13;1pub;1pu5;1tjj;2af9;2ag2;2ag4;2agc
3r5q,A,3r5q;5b72;5gls;2gj1;2nqx;2pt3;2pum;2qpk;2qqt;2qrb;3bxi;3eri;3gc1;3gcj;3gck;3gcl;3i6n;3krq;3nyh;3ogw;3py4;3q9k;3ql6;3r4x;3r5o;3s4f;3tgy;3tuw;3uba;3v6q;4gm7;4gn6;4ksz;4njb;4nt3;4pnx;5gh0;2o86;3fnl;4y55;2efb;2ojv;2r5l;3niu;3qf1;3r55;3rke;3sxv;4ljj;4msf;4n7a;4oek;4qjq;4qyq;5ff1;2gjm;3erh;3faq
5ca6,A,2i2s;3tay;3sis;3sit;2p3j;5ca6;2p3i;2p3k;3tb0
3gez,A(2),2eb7;2gxg;2yr2;3gez;3gf2;3gfj;3gfm;3gfl
4i4y,A(2),4i4o;4i4p;4i4r;4i4u;4i4v;4i4y;4i4q;4i4x;4i4s
1xi0,A(4),3qds;3qdt;3qdu;3qdv;3qdw;3qdx;3qdy;1xi0;1x99
3r7c,A(2),3tk0;3u2l;3r7c;3mbg;4ldk;3u5s;1oqc;3o55;3u2m
1lju,A,1rxe;1rxi;2cd7;1lk0;1ljl;1lju;1jf8;1jfv;2fxi
4y65,A(3),1naq;3x3u;3gsd;3opk;3ah6;3aa8;3aa9;4y65;4y6i
2y3h,A(2),4wwb;4wwd;2y39;2y3b;2y3d;2y3g;3epv;4wwf;2y3h
3jv0,A(2),1zk9;1zka;4jhb;3jss;3jv0;3juz
5b0a,A(2),5b08;5b09;5b0a;5b0b;5b0c;5b0d;5b0e;5b0f;5b0g
2aei,A B C,1o5d;1w0y;1wqv;1wss;1wtg;1wun;1wv7;1z6j;2a2q;2aei;2aer;2b7d;2b8o;2f9b;2fir;2flb;2flr;2zwl;2zzu;3th2;3th3;3th4;4ibl;3ela;4ylq;4zma
2ocs,A,4pqw;1g9o;1i92;1gq4;2ocs;4jl7;4lmm;4mpa;4n6x
3r65,A(4),3ldc;3lde;4hyo;4hz3;4qe7;4qe9;3ldd;3r65;3ous
2vyx,A(12),2cz8;2deg;2deh;2dev;2v18;2v21;2ux9;2vyx;2v19
1qg2,A,3gj0;5ciq;5cit;1qg2;1qg4;3ran;5ciw;5cj2
4r7g,A,4lgy;4r7g;4l78;1t3t;3ugj;3ujn;4mgh
5fdn,A(4),5fdn;3zgb;3zge;4bxc
1itk,A(2),3vlk;3vll;1itk;3vlh;3vli;3vlj
7req,A B,5req;1e1c;1req;4req;6req;7req
3m6d,A(2),3nuk;3pha;3m46;3nsx;3n04;3m6d;3mkk;3poc
2eid,A,2wq8;2eid;1t2x;1k3i;2eie;2jkx;2vz1;2vz3
5ae1,A(2),4bca;4bc7;4bby;4bc9;5adz;5ae1;5ae2;5ae3
1i3i,A,1lov;5bir;3syu;1bu4;1gsp;1i0v;1i0x;2bu4;2gsp;3bu4;3gsp;4bu4;4gsp;5bu4;5gsp;6gsp;7gsp;1loy;1low;1bir;3bir;2bir;3hoh;2hoh;4hoh;5hoh;1rhl;1i2g;1i3i;1i3f;1ch0;1g02;1fys;1q9e;1fzu;1tto;1hyf;1hz1;1i2e;1i2f
2vjy,A(2),2vjy;2vk4;2w93;2vk1;2vk8
3vgb,A,3vgb;3vge;3vgf;3vgg;3vgh;3vgd
3iav,A(6),3iav;3ib9;3mfm;1xnw;1xnv;1xny;1xo6
3d7e,A(2),3h45;3h46;1r59;1xup;3d7e;3flc;3h3n;3h3o
1uxr,A(4),1ky8;1uxv;1uxn;1uxp;1uxq;1uxr;1uxt;1uxu
1m7j,A,1v4y;1m7j;1rjp;1rk6;1v51;1rjq;1rjr;1rk5
5kjd,A,5kja;5kjb;5kjd;5kk0;2biw;2bix;4ou8;4ou9
3tv2,A(4),2fus;1fur;1kq7;3tv2;1fuo;1fup;1fuq;1yfe
3tgw,A(2),2c61;3dsr;3tiv;3ssa;3tgw;3b2q
3bif,A(2),1bif;3bif;2bif;1k6m;4d4m
2jjf,A(2),2jje;2jjf;2jjh;2cin;2cjd;2cjg;2cjh;2jjg
4eqs,A(2),4eqr;4eqx;4eqs;4eqw;1yqz;4em3;4em4;4emw
3rmx,A,3pme;4f83;3rmy;3rmx;3n7j;3obr;3obt;3ogg
1tpz,A,1tpz;1tq2;1tq6;1tq4;1tqd
3lxh,A,4c9n;4c9o;4c9p;3lxh;3lxi;4c9k;4c9l;4c9m
2b4f,A,2b4f;1xw2;1xwq;1h12;1h13;1xwt;1h14
3wiv,A,2e1p;2z2z;4jp8;3vhq;2zwp;2zwo;3wiv;3wiu
2drq,A,1wu4;1wu5;1wu6;3a3v;2drs;2drr;2dro;2drq
3wqg,A(2),3wqg;3wqc;3wqd;3wqe;3wqf;4pb3;4pb4;4pb5
1ni4,A(2) B(2),3exi;3exe;2ozl;1ni4;3exf
4pue,A,1r86;3mmd;4prw;4pud;4pue;1hiz;1r85;1r87
4fhc,A,4rh0;4fhe;4fhf;4fhc;4fhd;4k9r;4fhg
3meq,A(4),3meq;4z6k;1llu;3s1l;3s2e;3s2f
1vj1,A,1vj1;2zb3;2vna;2w4q;2w98;2zb4;2zb7;2zb8
3w0n,A,3tyk;3w0s;3w0p;3w0r;3w0q;3w0m;3w0n;3w0o
3qns,A(6),3vee;4hov;3qnr;3qns;3vec;3vef;3veg;3ved
1ll2,A(2),1zcy;1zdg;1zcu;1zdf;1zcv;1ll2;1ll3
1vlr,A(2),1st0;1st4;1vlr;1xml;1xmm;4qde;4qdv
3spg,A(4),5kuk;5kum;3spg;3spc
4xdr,A,4xdt;4xdu;4xdr;4ifu;4ifw;4ifx;4ifz;4ig1
3u1b,A(2),3gjz;3u1b;3t5m;3tyx;3sr3;4jvo;4mi1;4mjx
1n70,A(3),1mzz;1n70;1mzy;1zv2;2a3t;2dws;2dwt;2dy2
5kgh,A(2),5kf1;5kf2;5kf8;5kf9;5kgj;5kgp;5kga;5kgh
4gac,A,1hqt;4gac;3cv7;3fx4;3h4g
1r38,A(2),1ye4;1ye6;1r38;1sm9;1z9a;1jez;1k8c;1mi3
1e7s,A(2),1e6u;1e7s;1e7r;1e7q;1gfs
1jzm,A(2),1nxf;3g46;3g4q;3g4r;3g4u;3g4v;3g4w;3g4y;3g52;3g53;3ugz;3uhq;3ugy;3uhn;2r4z;2z8a;2r4w;2z85;2r4x;2r4y;1jwn;1jzk;2av0;2av3;3uh7;3ui0;1jzl;1jzm;6hbi;7hbi;4hbi;5hbi;2auo;2aup;2auq;2aur;3uhb;3uhy;3uhg;3uhs;3uhe;3uhv;3uhc;3uhw;3uhh;3uhu;3uh6;3uhz;3uh5;3uhr;3uhi;3uhk;3uhd;3uhx;3uh3;3uht;1nwi;1nwn;2grf;2grh;2grz
3cls,A B,3cls;3clu;3clt;3clr;1o97
3wxp,A,3wxp;3wy6;3wr0;3vgi;3wq0;3wq1;3wq7;3wt3
2w2o,A B C,2w2n;2w2m;2w2o;2w2p;2w2q
1uxk,A(4),1uxi;1uxj;1uxh;1uxk;1ur5;1guy;1uxg;4cl3
1uf5,A(4),1fo6;2ggk;2ggl;1erz;1uf4;1uf5;1uf7;1uf8
3wqk,A(2),3wqk;3wql;3wqm;4cmv;4cmw;4cmx;3wqn;4kt8
3kw8,A(3),4w1t;4uah;4uan;4wtq;4n8u;4gxf;4gy4;3kw8
1urp,A,1urp;4zjp;2gx6;1ba2
4ghm,A(2),4iqi;3s19;3uxj;4ghm;3rzp;3uxv
7prn,A(3),8prn;7prn;5prn;3prn;2prn;6prn;1bh3
1n5d,A,1wma;2pfg;3bhi;3bhj;3bhm;1n5d;2hrb
4b5w,A(6),2v5j;2v5k;4b5x;4b5w;4b5s;4b5t;4b5u;4b5v
3pyp,A,1ot6;1ota;1ote;1oti;1s1y;1s1z;1t18;1t19;1t1c;1ugu;4i3i;1d7e;1kou;1nwz;1ot9;1otb;1s4r;1s4s;1ts0;1ts6;1uwn;1uwp;2d01;2phy;2qj5;2qj7;2qws;2zoh;3pyp;3umd;3ume;3ve3;3ve4;4b9o;4bbt;4bbu;4hy8;4i38;4wl9;4wla;5hd3;5hdc;5hdd;5hds;1gsx;1gsw;1gsv;2i9v;2d02;1f98;1f9i;1otd
2wa7,A,2wa5;3fer;3hoc;2wa6;2wa7;3hop;3hor
4n5l,A(4),3vzp;3vzs;3vzr;3vzq;3ezl;4n5l;4n5m;4n5n
3tdp,A(5),3te1;3te0;3te2;3tdx;3tds;3tdo;3tdp
4f9g,A(2),4f5e;4f5w;4f5y;4ef4;4ef5;4f9e;4f9g
5dtw,A(3),5dtw;5du4;5du6;5du8;5duc;5duf;3he2;5dtp
3zeu,A B,3zet;3zeu;4ydu;4wq5;4wq4
1qrz,A,1rjx;1qrz;1ddj
1cns,A,4dwx;4dyg;4tx7;4j0l;3cql;1cns;4mst
2pxs,A(4),2fl1;2icr;1xae;2ogr;2pxs;2pxw;1xa9;2ojk
2fem,A,2fem;1cke;1kdo;1kdp;1kdr;1kdt;2cmk
4jhl,A(8),3w7v;4jhl;4jj4;4jj6;4jko;4oao;4oap;5bn1
3im7,A,3hsm;4kek;4kei;4kej;3im6;3im7;3im5
3zf2,A(3),3zez;3zf2;3zf6;3zf0
1fya,A,1kid;1la1;3vz6;3vz7;3vz8;3osx;1fy9;1fya
3zse,A,3zse;3b5l;1m4w;3mfa;3mfc;3mf9;3mf6
1ucc,A,1v9h;1j1f;1ucg;1j1g;1bk7;1uca;1ucc;1ucd
3gah,A(3),2r6x;2r6t;3gah;3gai;3ci1;3ci3;3ci4;3gaj
2gil,A,2y8e;1yzq;2gil;1d5c;2e9s;2fe4;2ffq
4kb4,A,1wqf;1wqg;1wqh;4kdd;4kb4;4kb2;4kaw
1ise,A,1ek8;1is1;1ise
2ovd,A,1iw2;1lf7;2ova;2ovd;2ove
1s44,A(2),1s2p;4alo;1i4u;1obq;1obu;1h91;1s44
1xts,A,4o25;4o2l;4o2r;3sea;1xtq;1xtr;1xts
3o2y,A,2czt;2czu;2wwp;4imn;4imo;3o19;3o22;3o2y
2a52,A(4) B(4),2a52;2a50;2a53;2a54;2a56
4eq8,A,4f4m;4eob;4eq8;4fqa;4fgd;4fge
1fhx,A,1u27;1u29;1fhw;1fhx;1fgy;1fgz;1u2b
4to7,A(2),3q0y;4to7;4tpz;4tq7;4ttw;4ttx;4tty;4ttz
1vbo,A(4),1xxq;1xxr;4akd;1vbo;1j4s;1j4t;1j4u
2cak,A,1gy2;1gy1;1a3z;1e30;2cal;2cak;1a8z;1rcy
1pyq,A(4),4azd;1pyq;1pt0;1pqh;1pqf;1pt1
4ip1,A,1uc7;2fwe;2fwf;2fwg;2fwh;4ip1;4ip6
3akn,A,3akn;1dc9;3akm
2qo4,A,1tvq;1tw4;2ftb;2qo5;2qo6;2qo4;1p6p
2uzr,A,2uzr;2uzs;1h10;1unp;1unq;1unr;2uvm;2x18
2wnd,A(2),1psr;2psr;2wor;2wos;3psr;4aqj;4aqi;2wnd
4fp5,A(5),1qb5;1qcb;4fp5;4fo2;4fnf
4j42,A(2),4j7j;4j7k;4j42;4j41;4iyh;4iyi;4j10;4j11
4tsb,A B C,4tsc;4tsb;4ttd
1g7j,A B C,1g7l;1g7j;1g7m;1g7i;1a2y
2dqd,A B C,1c08;1ic5;1ic7;1ic4;2dqf;2dqe;2dqc;2dqd;1j1p;1j1x;1j1o
1sq2,A B,2i25;2i26;1sq2;1t6v
3bzx,A B,3bzl;3bzo;3bzv;3bzz;3bzx;3bzy;3c00
3bg5,A(4),3bg5;4hnt;4hnv;3hb9;3hbl
3dym,A(4),3vd3;3vd4;3dyo;3dyp;3dym;3iaq;3iap;1px3;1px4;4duv;4duw;3vd5;3vd7;3vd9;4dux;3muy;3muz;3mv0;3mv1;3czj;3vda;3vdb;3vdc;1jyn;1jyv;1jyw;1jz8;3sep;3t08;3t09;3t0a;3t0b;3t0d;3t2o;3t2p;3t2q;3i3b;3i3d;3i3e;1dp0;1f4a;1f4h;1jyx;1jz2;1jz3;1jz4;1jz5;1jz6;1jz7;4ttg;4v41
2vzt,A,2vzt;2vzv;2vzo;2vzu;2vzs;2x05;2x09
3riz,A,4lsa;3riz;3rj0;3rgx;3rgz
1x1h,A,1j0m;1j0n;2e22;2e24;1x1h;1x1i;1x1j
1mqp,A(2),1k9e;1k9f;1mqp;1mqr;1k9d;1l8n;1mqq
5i5i,A(2),5i5i;5i5j;5i5m;1qni;3sbp;3sbq;3sbr
2ber,A,1w8n;1w8o;2bzd;2ber;1wcq
1ad2,A,4reo;4f9t;4qgb;1ad2;3tg8
2dga,A(6),3ais;2dga;3aiq;3air;3aiu;3aiv;3aiw
4cxk,A,4cxk;1hdh;4cys;5aj9;4cxs;4cxu;4cyr
5eud,A(2),5eud;5eue;3mau;3mad;3mbb
4ko4,A B,1cc1;4kl8;4ko3;4ko1;4kn9;4ko2;4ko4
3lmk,A(2),3ks9;3lmk;1ewk
4gov,A,4gp0;4gp3;4gov;4goy;1dfc;3llp;3p53
3d3b,A B,3d3b;3imq;3d3c
3zqa,A(4),3zqa;2xdr;2wox;4caz;4cbb
5cr6,A,4qqa;4qqq;5aoe;5aof;5aod;5cr6
4xqg,A(2),4xqe;4xrg;4xqg;4plp;4xq9;4xqc;4xr4
1r6u,A(2),1r6t;1r6u;2quh;2qui;2quj;2quk
2esd,A(4),2esd;2qe0;2id2;1euh;1qi6;2euh
2v8d,A(2),2v8g;2vl1;2v8d;2v8h;1r3n;1r43;2v8v
4ac3,A(3),1g97;4aaw;4ac3;1hm0;1hm8;1hm9
1ps3,A,3bud;3bui;3buq;3bvt;3bvu;3bvv;3bvw;3bvx;3cv5;3czn;3czs;1hty;1hww;1hxk;1ps3;1qwn;1r33;1r34;1tqs;1tqt;1tqu;1tqv;1tqw;2alw;2f18;2f1a;2f1b;2f7o;2f7p;2f7q;2f7r;2fyv;2ow6;2ow7;3blb;3bub;3d4y;3d4z;3d50;3d51;3d52;3ddf;3ddg;3dx0;3dx1;3dx2;3dx3;3dx4;3ejp;3ejq;3ejr;3ejs;3ejt;3eju;1qwu;1qx1;3bup
1sox,A(2),3hbg;3hbp;3hc2;1sox;3r19;3r18;3hbq
4yiv,A,2x2z;4yiv;4apl
4iqp,A,2vu9;2vua;3fuo;4iqp
5hty,A,5htj;5hty;5hu2;5htn;5htp;5hux;5hv7
1uik,A(3),2ea7;2eaa;2cv6;1uik;1ipj;1ipk;1uij
2gc6,A,2gc5;2gc6;2gca;2gcb;1jbv;1jbw
4m4n,A,4m4n;4m4v;4m4u;2xcy;2xzi;2xzj;2xzk
3odr,A,3ods;3odr;3o2t
3vno,A,3awm;3vm4;3vtj;3awq;3awp;3vno;3voo
1dkl,A,1dkp;1dkq;1dkl;4tsr;1dkm;1dkn;1dko
2d0e,A,5de9;3tzo;1s1f;1se6;1t93;2d09;2d0e
1yba,A(4),1yba;2p9g;1sc6;2p9c;2p9e;2pa3
4d9s,A(2),4dnv;4nc4;4dnu;4d9s;4dnw;4naa;4nbm
4dxd,A,3vo8;3wgn;3wgm;4m8i;4dxd;3wgk
4dla,A(2),4l0q;4dl9;4dla;4dlb;3uko;4gl4;4jji
4xbj,A(2),2rjg;2rjh;3b8v;3b8w;4xbj
3coi,A,4myg;3coi;4eyj;4eym;4yno;5ekn;5eko
5cvj,A(2),3reo;3tky;5cvj;5cvu;1kyw;1kyz;5cvv
4zzx,A,4zzx;4zzy;1gs0;3kcz;3kjd;4pjv;4tvj
4awu,A,4aws;4awt;4awu;2gou;2gq8;2gq9;2gqa
3wl7,A,3wl6;3wwe;3wl8;3wwc;3wl5;3wl7;3wwd
4bok,A,5agd;4boj;4bok;4d4a;4d4b;4d4c;4d4d
1w2v,A,1w2p;1w3h;1w32;1w2v
2poo,A,3amr;3ams;1poo;2poo;1cvm;1h6l;1qlg
2nvb,A(4),1bxz;1ykf;1kev;1ped;2nvb;1jqb;2b83
4ipi,A(2),4ipi;4ipj;2wqp;1xuu;1xuz;2zdr;3cm4
1ek5,A(2),1ek5;1ek6;1hzj;1i3k;1i3l;1i3m;1i3n
2hyu,A,1w7b;4x9p;2hyu;2hyv;2hyw
5fnz,A(6),3zug;2x0k;4uzf;4uze;5fnz;5fo0;5fo1
4e5p,A(2),4e5m;4e5p;4e5k;4e5n;4ebf;4nu5;4nu6
3n13,A,3n11;3n12;3n18;3n1a;3n15;3n13;3n17
4pip,A,4pip;4uy5;4uy6;4uy7;4pim;4pin;4pio
3cxu,A,3cxu;4y9s;2cjp;4ufn;4ufo;4ufp;4uhb
1nns,A(4),1nns;1ho3;1ihd;1jaz;1jja
5tpg,A,5j6d;5tpg;3e2t;1mlw;3hf6;3hf8;3hfb
4e0b,A(2),2pwz;3hhp;1ib6;1ie3;4e0b
4kwv,A(6),4i9a;4kwv;4kww;5ayx;2jbm;5ayz
3cn6,A(4),3cn5;3cn6;3cll;1z98;4jc6
4o16,A(2),4o1a;4o1b;4o1c;4o1d;2gvl;2h3d;4o17;4o19;4o18;2h3b;2e5b;2e5c;2e5d;2gvg;2gvj;3dgr;3dhd;3dhf;3dkj;3dkl;4jnm;4jr5;4kfn;4kfo;4kfp;4l4l;4l4m;4lts;4lv9;4lva;4lvb;4lvd;4lvf;4lvg;4lww;4m6p;4m6q;4n9b;4n9c;4n9d;4n9e;4o0z;4o10;4o12;4o13;4wq6;5kit;4o14;4o15;4o16;4o28;2g95;2g96;2g97
4iyt,A,4iya;4iyc;4iyt;4izl;4j0o
5cyf,A(2),5cyf;5cyg;4txh;4txj;4txl;4txm;4txn
1t3d,A(6),1ssm;1sst;1t3d;4h7o;1s80;3gvd;1ssq
4f0g,A,4yzn;4f1m;4f1o;4f0f;4f0g;4f1t
3bxy,A(3),3bxy;3gos;1kgq;1kgt;1tdt;2tdt;3tdt
3hkx,A(2),4izt;4izu;3hkx;5jqn;4izs;4izv;4izw
3e9o,A,3e66;3e9p;4ilj;3e9o
1kr0,A,1kqy;1kqz;1kr0;1kr1;1hvq;1llo;2hvm
3m7s,A,3o9n;4n42;3mu7;3d5h;3hu7;3m7s;3oih
3slb,A(2),3n0s;3e4f;3ijw;3slf;3kzl;3n0m;3slb
3gdm,A(2),1dqw;1dqx;3gdk;3gdl;3gdr;3gdt;3gdm
3gfd,A(2),4ttb;4ttc;3tnz;3to0;3gb5;3gfd;3gh8
1es4,A,1esi;1es5;1es2;1es3;1es4;1skf;1j9m
4e6q,A,5tq3;5tq7;4e6q;4bbf;3ugc;5l3a;2w1i;3e62;3e63;3e64;3io7;3iok;3jy9;3kck;3krr;3lpb;3q32;3tjc;4aqc;4d0w;4d0x;4d1s;4e4m;4f08;4f09;4gfm;4gmy;4hge;4iva;4ji9;4jia;4ytc;4ytf;4yth;4yti;4zim;5aep;5cf4;5cf5;5cf6;5cf8;5hez;2xa4;3zmm;4c61;4c62;2b7a;3fup
1m2j,A,1m2k;1m2h;1m2j;1m2g
3h0o,A,3axd;3axe;1mve;3hr9;2r49;3h0o
3c06,A(2),1jmi;1jmf;1bo8;1bo7;1bp0;1jmg;2g8d;2g86;2g89;2g8a;1tsl;3byx;3c06;3ijz;3ik0;3ik1;1tvv;4o7u
1ah7,A,1ah7;2ffz;2huc;2fgn;1p5x;1p6d;1p6e
4yqm,A(2),3vln;4is0;3lfl;1eem;4yqm;4yqu;4yqv
1xxd,A(2) B(2),1xxf;1xxd;1xx9
1sxu,A,1u17;1u18;4gnw;4grj;1sy0;1sy1;1sxx;1sy2;2at0;3c76;1d2u;1d3s;1eqd;1erx;1ike;1ikj;1koi;1ml7;1np4;1u0x;1x8n;1x8o;1x8p;1x8q;1ywa;1ywb;1ywc;1ywd;2at5;2at6;2at8;2ofm;3c77;3c78;3mvf;4hpa;4hpb;4hpc;4hpd;2ofr;3fll;1sxw;2at3;1sxu;1sxy;1sy3;5hwz;1np1;3np1;3tga;3tgb;3tgc
1tjd,A(2),1eej;1tjd;4i5q;4ilf;1g0t;1jzo
1eyq,A,1jx0;1jx1;1eyp;1eyq;1fm7;1fm8;1jep
4p5k,A B,4p57;4p5k;4p5m;3wex
2x1j,A(2),2x1j;2x1k;1w3o;1w3p;1w3q;1w3r;2vpa
1u0a,A,1u0a;1gbg;3d6e;1glh
1wbh,A(3),1fwr;1wau;1wbh;2c0a;1eua;1eun;1fq0
2eng,A,2eng;1hd5;1l8f;1oa7;1oa9
1jlv,A(2),3f6f;3gh6;3ein;3mak;1pn9;1jlv;4i97
2f6b,A,1h4h;2nqy;2f6b;1igo;1h4g;1qh6;1qh7
5hx5,A,5hx4;5hx5;3vow;4iou;3wus
4row,A,3ir2;3v4j;4row;3e1u;3iqs;4rov
3vbp,A(3),3vbi;3vbj;3vbp;3vbk;3vbl;3vbm;3vbn
3h8n,A,1m4k;1nkr;3h8n
3asf,A,3asg;3ash;3as4;3as5;3as8;3asf
1sl8,A,1ej3;1uhh;1uhi;1uhj;1uhk;4nqg;1sl8
3a75,A B,4ott;3a75;2v36
3l00,A,3kzy;3l00;3kzz;1qnt
2rjk,A(3),2rjl;2rjk;2qe3;2re9
1x1s,A,3pir;3pit;3kkp;3kkq;1x1r;1x1s;3kko
5c6f,A(24),3bve;3bvf;3bvi;3bvk;3bvl;3egm;5c6f
3v1r,A,3v1o;3v1r;3p1g;3v1q;2hb5;4e89
4j6g,A(6) B(6),4kgg;4kgq;4j6g
4or6,A,4or4;4or6;4q46;4oro;5ef9;5efa;5efc
1d7p,A,1d7p;4pt6;3hnb;3hny;3hob
3n4j,A(2),3n4j;3n4k;1j85;1mxi;4jak;4jal;4kdz
1g81,A,1jd3;1xlr;1g1b;1g81;1fw9;1tt8
4psk,A,2zrj;2zre;2zr9;4oqf;4po8;4po9;4poa;4ppf;4ppn;4ppq;4pqf;4pqr;4pqy;4pr0;4psa;4psk;4psv;4ptl;2zrm;2zro
1ysb,A(2),1ysd;1ysb;2o3k;1ox7;1p6o;1rb7;1uaq
1j98,A(2),1ycl;1j98;1jqw;1jvi;1ie0;2fqo;2fqt
2iuo,A(10),1dw9;2ivq;2iv1;2ivb;2ivg;2iuo;2iu7
4qpy,A(3),4qqh;4qql;4d7y;4qqo;4qq2;4qqp;4qpy
4kwj,A,4ubh;4xet;4xez;4xf1;4xf3;4xfa;4xfc;4xff;4xfh;4xfi;4yyo;4z82;4pix;4piy;4xf0;4xf9;4xfb;4xfg;2atf;2b5h;2gh2;2q4s;3eln;4ieo;4iep;4ieq;4ier;4ies;4iet;4ieu;4iev;4iew;4iex;4iey;4iez;4jtn;4jto;4kwj;4kwk;4kwl;4piz;4pjy;4xf4;4yni;5i0r;5i0s;5i0t;4ubg;5efu;5ezw;4ysf;2ic1;5fdb
3tm3,A(2),1vhb;3tm3;3tm9;3tld
1dsy,A,1dsy;3gpe;3rdj;3twy;4l1l;2uzp;4dnl
3ifj,A,3ifj;2in8;2in9;2in0;5i0a;5k08
3whn,A,2avk;2awc;2awy;3agt;3agu;3waq;3whn
1wld,A(2),1wlw;1wld;1wlc;1is3;1is4;1is5;1is6
3qzl,A,3qzl;3qzn;3qzm;2ite;2itf;3qzo;3qzp
2ji1,A(2),1vzg;1vzh;2ji2;2ji3;2ji1;1dfx
5ixl,A,4px8;5iwh;5ixl
2coq,A,2ywy;1ves;2ywz;1ver;2coq
3qi2,A B,1kjy;2om2;3qi2;3onw
1hwu,A(3),2eg1;2eg2;2z0g;2gw8;1hwu
4ojg,A,4ojh;4oj3;4ojg;2bjd;2bje;4oix;4oj1
4il9,A(5),3uu5;3tlu;3tlv;3uu6;5hcj;3tlw;3uub;4il9;4hfb;4hfe;3eam;4f8h;4hfh;4hfi;4ilc
2hl5,A(2) B(2),2hkq;2hl5;1txq
1yd3,A,1ycz;1yd0;1yd1;1yd3;1yd4;1yd2;1yd5
5aps,A(3),5apx;5apy;5apt;5apv;5aps;5apq;5apw
3sfm,A(4),2gqv;2rh2;2rk2;3sfm;2p4t
1sih,A(2),1w5z;2e2v;1ivv;1ui7;1ui8;2yx9;1av4;1avk;1avl;1iqx;1iqy;1iu7;1ivu;1ivw;1ivx;1rjo;1sih;1sii;1w4n;1w6c;1w6g;1wmn;1wmo;1wmp;2bt3;2cfd;2cfg;2cfk;2cfl;2cfw;2cg0;2cg1;2e2t;2e2u;2zl8;3kii;3kn4;3wa2;3wa3;3x3x;3x3y;3x3z;3x40;3x41;3x42;2cwt;2cwu;2cwv;2d1w
5a58,A,5a59;5a5a;5a58;5a55;5a56;5a57
2obe,A(3),1p2z;2obe;1p30;3tg7
5aac,A,4anl;4anq;2yhv;4cd0;2yfx;4clj;4fnx;4fny;5a9u;5aac;5aa8;5aab;5aa9;5aaa;4dce;4fnz;4fob;4foc;4fod;5iug;5iuh;5iui;3l9p;3lcs;3lct;4joa;4mkc;4z55;2yjs;2yjr;4ans;4fnw;2xb7;2xba;2xp2;3aox;4ccb;4ccu;4cli;4cmo;4cmt;4cmu;4cnh;4ctb;4ctc;4tt7;5fto;5ftq;5imx;5j7h;5kz0
4fns,A(4),4fnp;4fns;4fnt;4fnq
3wnp,A,3wnk;3wnp;3wnl;3wnm;3wnn;3wno
2ayv,A,2esk;3tgd;1qcq;1x23;5egg;2ayv;2c4p;3l1y;1z2u;2esq;2esp;2eso
5d1m,A B,5d1m;5d1k;5d1l
2r8o,A(2),4xeu;5hht;1qgd;2r5n;2r8o;2r8p
1v0f,A(3),3gvj;3gvk;1v0e;1v0f;3gvl;3ju4
2fy3,A,1q6x;1t1u;2fy2;2fy3;2fy4;2fy5
4f7v,A,3kug;3kuh;1tmj;1tmm;3hcx;3hd1;1hq2;1im6;3ill;3ilo;3ili;3ilj;3hsd;3hsg;3hsz;3ht0;1eqm;1ex8;1q0n;1rao;1rb0;3ip0;3ud5;3ude;3udv;4f7v;4m5g;4m5h;4m5i;4m5j;4m5k;4m5l;4m5m;4m5n;5etk;5etl;5etm;5etn;5eto;5etp;3kue;3hd2;3hsj;1f9h;1g4c;1kbr;1rtz;1ru1;1ru2
4cy8,A(4),4z2r;5brt;4cy6;4cy8;4z2t;4z2u
1sma,A(2),1j0h;1j0i;1j0j;1sma
4zpd,A,4wfx;4wfy;1ra6;1ra7;1tql;2ily;2ilz;2im0;2im1;2im2;2im3;4zp6;4zp7;4zp8;4zp9;4zpa;4zpb;4zpc;4zpd;1rdr;4nlp;4nls;4nlx;4nlt;4nlu;4nlq;4nlv;4nlo;4nlw;4nly;4nlr;3ddk;4wfz;4y34;3cdu;4y2a
4zp1,A(4),1zpd;3oe1;4zp1;2wva;2wvg;2wvh
4coo,A(2),4coo;4l28;4l0d
4h1s,A(2),4h2f;4h2g;4h2b;4h1y;4h2i;4h1s
3vsr,A,3wpv;3wpy;3wpz;3vsr;3vss;3wpu
2ac1,A,2ac1;2qqw;2oxb;2qqu
1rqb,A(2),1s3h;1u5j;1rqb;1rqe;1rqh;1rr2
3aet,A(2) B(2),3aeq;3aek;3aer;3aes;3aet;3aeu
1gkm,A(4),1b8f;1gkm;1eb4;1gkj;1gk2;1gk3
2oef,A,4m2b;4j18;2oef;2oeg;4m2a
3mjv,A,3mjv;3mjt;4dif;3mjc;3mje;3mjs
3ze7,A B,3ze6;3ze9;3zea;3ze8;3ze7
4f0k,A(8) B(8),1iwa;1bwv;4f0h;4f0k;4f0m
2osx,A,2osx;2osy;2osw;2oyk;2oyl;2oym
3fwn,A(2),2zya;2zyd;2w8z;2w90;2zyg;3fwn
7odc,A(2),7odc;1d7k;2oo0
3vz3,A(2),3vz2;3vz3;3vz1;4it9;4ita;4itb
2xft,A,2xgn;2xh9;2xfs;2xft;2xep;2xf3
3qhn,A,2zum;2zun;3qhm;3qhn;3qho;3axx
4bi9,A(2),3zbk;3zbn;3zbg;3zbl;4bia;4bi9
2src,A,1ksw;4k11;2ptk;1fmk;1y57;2src
2rdz,A(2),4wjy;2rf7;1gu6;2rdz;3l1t;3tor
3kdo,A(10),3a13;3kdn;1geh;3a12;3kdo;3wqp
5ex6,A,4tvf;5ex6;1lfk;1lg9;1lgf
3gk1,A(2),3rlz;1mho;3cr2;3cr4;3gk1;3gk2;3gk4;3iqo;3lk0;3lk1;3lle;4fqo;4pdz;4pe0;4pe1;4pe4;4pe7;5dkn;5dkq;5dkr;5er4;3czt;3d10
4oiw,A(12),4oiw;4oid;3wt4;4njq;4njr
4bjz,A(2),4bk2;4bk3;4bk1;4bjy;4bjz;5hym
2gry,A,1v8k;2heh;2gry;4y05
3u1o,A,3u1o;4jxi;2uvg;2uvh;2uvi;2uvj
3a4g,A,3a4g;3vrm;3a4z;3a50;3a51
1ojk,A,1dym;1a39;2a39;1oji;1ojj;1ojk
3vxd,A,3ani;3ank;2zzr;3anj;3wux;3vxd
3tug,A,3tug;4y07;1nd7
2whm,A,1j9y;1r7o;1odz;2whm;1gvy;1gw1
3qw2,A(4),3qw2;3qvx;3qvw;1u1i;3qvs;3qvt
4fs8,A,4kw7;5eg5;4fr0;4fs8;4fsd;4rsr
1yu2,A(3),1yu0;1yu1;1yu3;1yu2;1yu4
5g13,A(4),5g11;5g12;5g13;5g0x;5g0y;5g10
5h8z,A(3),3bsd;3eni;3eoj;3vdi;5h8z
3dag,A(2),3daf;3dag;2b0j;3f47;3f46;3h65
4q1u,A,4q1u;4hho;4hhq;1v04;3sre;3srg
3rc7,A,3rc9;3rcb;3rc7;3rbv;3rc1;3rc2
4lf0,A(6),4lf0;2plq;2uxy;4gyl;4gyn;4kzf
3wij,A,4mnl;4mnm;3wij;4mnj;4mnk;4r5e
1nto,A(4),1nto;1nvg;1jvb;1r37;3i4c;2eer
4tn1,A,4tmt;4tmx;4tn1;4tmv;4tmw;4tmz
1oba,A,1h09;2ixu;1oba;2ixv;2j8f;2j8g
3w24,A,3w25;3w26;3w24;3w27;3w28;3w29
1in6,A,1in5;1in8;1in4;1in6;1in7;1j7k
1x1u,A B,1b2u;1b2s;2za4;1x1y;1x1w;1x1x;1b27;1x1u
3vpm,A(2),2vux;4djn;3vpm;3vpo;3vpn;3olj
4eb8,A(3),3phb;5etj;4ear;4eb8;4ece;4gka
3gay,A(2),3gak;3gay;3gb6;2isv;2isw;3ohi
1ann,A,2zoc;1ann;1i4a
4euv,A,4dn0;4etx;4etz;4eu0;4euv
2cb2,A(24),2cb2;3bxv;2yav;2yaw
1i0z,A(4),4aj1;4aj2;4aj4;4aje;4ajh;4aji;4ajj;4ajk;4ajl;4ajn;4ajo;4al4;5es3;1i0z;1v6a;2v65;3h3f;4i8x;4i9h;4i9n;4i9u;1i10;4ajp;4jnk;4l4r;4m49;4ojn;4okn;4qo7;4qo8;4r68;4rls;4zvv;5ixs
3d5y,A,3d5y;3d5z;3cu9;3d61;3d60;1wl7
3bk9,A(4),3bk9;3e08;1yw0;2nw7;2nw8;2nw9
1mum,A(4),1o5q;1ujq;1xg3;1xg4;1mum;1oqf
1tfr,A,1tfr;3h8j;3h8s;3h7i;3h8w
3c0q,A,3c0q;3bzj;2j6v;3bzg;3c0s
4b9e,A(2),4b9a;4b9e;4baz;4bb0;4bat;4bau
4ahq,A(4),4aho;4ahq;4ah7;4ahp;4ama;5a8g
3o31,A(2),3fpe;3fpf;3o31;3fpg;3fph;3fpj
2cit,A,2cit;2cip;2vi0;2bv9;2bvd;2v3g
2iwv,A,2wvp;2x9k;2f1c;2iwv
2we2,A,2we1;2we2;2we0;2bsy;2bt1;2we3
5hts,A,5f44;5faa;5hbb;5hdl;5hts;5j4m
4g9e,A,4g8c;4g9g;4g5x;4g9e;4g8b;4g8d
5ahy,A(3),2jaf;2jag;1e12;5ahy;5ahz;5g36
4mxd,A,4geg;4gec;4gdm;4mxd;4myd;4mys
3sty,A(2),3stx;3sty;3stt;3stu;3stv;3stw
1flj,A,1z93;1z97;3uyq;3uyn;1flj;2hfw
4oqd,A(2),3px3;3px2;3pfg;3pfh;4oqd;4oqe
1f6y,A(2),2ogy;1f6y;2e7f
4bms,A(4),4i5f;4i5g;4bmn;4bms;4i5d
1ro7,A(4),1ro8;2x61;2drj;2x62;1ro7;2x63
1uza,A,1usw;2bjh;1uwc;1uza;2hl6;2ix9
3tvv,A,3gyp;3fss;3tw1;3tvv;3to1
4pjk,A,1fmv;1fmw;1yv3;2jhr;2jj9;2xel;3bz7;3bz8;3bz9;3mjx;4ae3;3mnq;2xo8;1w9k;1w9j;1w9l;1w9i;4pjk;2x9h;3mkd;3myh;3myk;3myl
3hlx,A(2),1otv;1otw;3hlx;4ny7;3hnh;3hml
5cmb,A(2),5cmb;5cmc;4yki;4ykj;4ykk;4ykp
4ikh,A(2),4mf5;4mf6;4mf7;4nhz;4nax;4ikh
4gnm,A,5fh0;5fh3;5fh1;5fh4;5fh2;5fh5;4ox2;1khb;1khe;1khf;1khg;1m51;1nhx;2gmv;3moe;3mof;3moh;4gno;4gnp;4gnq;4gmz;4gnl;4gnm;4gmm;4gmu;4gmw;2qew;2qey;2qf1;2qf2;2rk7;2rk8;2rka;2rkd;2rke;3dt2;3dt4;3dt7;3dtb;4yw8;4yw9;4ywb;4ywd
4k0w,A,4x55;4k0w;4jf4;4jf5;4jf6;4k0x
2cws,A,2cws;2z42;2zab;2zac;2za9;2zaa
3boj,A,3boh;3boj;3uk8;3bob;3boc;3boe
2pu3,A,2g7e;2g7f;2vnd;2pu3;1ouo
3bsq,A,3bsq;5fah;2qxg;2qxh;2qxi;2qxj
1og4,A,1og3;1og4;1gxy;1gxz;1gy0;1og1
3zmk,A(2),3zmk;3zml;4gsn;2il3;2imi;2imk
4xz9,A(10),3s1w;4xz9;3s0c;3s1u;3s1v;3s1x
3h07,A(2),1g57;1g58;3h07;3lqu;3lrj;3ls6
3o91,A(4),3s2s;3o94;3o90;3o91;3o92;3o93
3exv,A(3),3exw;3f0y;3exv
1zr5,A,1zr5;1yd9;1zr3;2fxk;3iid;3iif
5cxg,A(2),5aqc;3mnl;5cw8;5cxg;5cxi
3ppv,A,3zqk;3ppw;3ppx;3ppv;3ppy;3gxb
1pi3,A(4),4qel;5dgt;1po7;1q6z;1bfd;1mcz;1yno;3f6b;3f6e;3fsj;3fzn;5dei;4mzx;4mpr;4mpj;4mpp;4gp9;4gpe;4gm4;4gm0;4gm1;4gg1;4jd5;4mq5;4jud;4jua;4jub;4ju8;4juc;4ju9;4k9o;4k9p;4juf;4k9l;4k9n;4k9m;4k9k;2v3w;1pi3;5dgd
1b68,A,1nfo;1nfn;1b68;1ea8;1h7i;1ya9
3ri8,A,1bk1;3ri8;3ri9;2qz2
4x44,A(2),4x45;4x44;1ore;1zn7;1zn8;1zn9
5egk,A(6),5egj;5hwf;4ncp;5egl;5egk;5hz4
4y1f,A(2),4y1f;4y1e;4y1g;4y0n
4x37,A,4x38;4x3a;4x37;4x39;3nj5;2wry
1o8q,A(3),1eav;1uux;1uuy;1o8o;1o8n;1o8q
4hgr,A(4),4hgr;4hgq;3e81;3e84;3e8m;4hgo
5kbm,A,5kbk;5kbl;5kbm;4n3t;4n3u;5cu9
1s89,A(6),1s8a;1s89;5h3l;1b93;1egh;1ik4
1rsy,A,1rsy;4wee;3f00;3f01;3f04;3f05
4ked,A,4kee;4kef;4ked
4dyq,A(8),4dzp;4dzj;3hef;4dyc;4dyq;4dyr
4mjj,A,4lcv;4mjj;2chd;4lt7;4np9;4ns0
2nve,A,2nve;2nvg;2nvf;2nwf;2nuk;2num
1txy,A(2),1v1q;1txy;4apv;2pnh
1wn6,A(4),2z3j;2z3i;1wn5;1wn6;2z3g;2z3h
1qf7,A(4),1gg9;1ggf;3p9q;3pq2;3pq3;3pq4;3pq5;3pq6;3pq7;3pq8;1p80;1p81;5bv2;1qf7;1qws;4ent;4env;4enq;4ens;4enp;4enw;4enu;4enr;3p9r;3p9p;3p9s;1p7y;1p7z;1ggh;1ggk;1ggj;1cf9;3ttt;3ttu;3ttx;3ttw;3ttv;1gge;4bfl
2h89,A B C D,1yq3;1yq4;2fbw;2wqy;2h88;2h89;1zoy;3ae4;3aef;3sfd;3sfe
1aok,A B,1jlt;1oqs;1aok
3bp5,A B,3bp6;3bp5;3rnq
2q6a,A(4),2ahy;2ahz;2q6a;2q69;2q68;2q67
1i77,A,3cyr;1i77;1gm4;1gmb;1up9;1upd
2e66,A(3),2e66;1j2v;1uku;1umj;4nyo;4nyp
2h9c,A(2),2h9c;2h9d;3rem;3ret;3hgx;3hgw
1huu,A(2),4qjn;1huu;5fbm;3rhi
4omp,A(2),4le9;4oml;4omn;4omq;4omm;4omp
3rpq,A(2),4i09;4i0a;4i02;4i01;4i0b;3fwe;1i6x;1i5z;2gzw;3ryp;3ryr;4ft8;4hzf;4n9h;4n9i;4r8h;3qop;3rdi;3rou;3rpq
4r5u,A,3uci;1j2l;4rqg;4r5r;4r5u;4m4c
5cxr,A,4yyl;4zhz;4zi0;4zqq;5fdd;5fdg;5i13;5jht;5jhv;4e5e;4e5f;4e5g;4e5h;4e5j;4e5l;4avq;4awf;4awg;4awh;2w69;4nfz;5ccy;5cgv;5cl0;5des;5ega;4awk;5czn;5d8u;5dbs;5deb;5d2o;5d42;5d4g;5d9j;4kil;4ln7;5cxr
2y20,A(2),2y20;2y21;2y0q
2wtt,A(4),2wqi;2wtt;5hob;5hoc
2gcp,A,5c4m;1kmq;1a2b;2fv8;1dpf;2gcn;2gcp;3tvd;5a0f;5ez6
3kz1,A B,1xcg;3t06;3kz1
2z1g,A,1wse;1wsh;1wsg;1wsi;2e4l;3aa2;3aa4;3aa5;3aa3;1wsf;1wsj;1f21;1g15;2z1i;2z1h;2z1j;2z1g;1jl1;1jxb
3egv,A B,3cjq;3cjr;3egv;2nxn;3cjt
5fav,A(2),5fau;5fav;5faw;5fay;5kdp
1sj2,A(2),1sj2;2ccd;2cca
1f3x,A(4),2vgb;4ip7;4qgc;2g50;3n25;1zjh;3gqy;3gr4;3h6o;3me3;3srd;3srh;3u2z;4g1n;4jpg;4wj8;3srf;4ima;4qg8;4qg9;3g2g;1f3x;2vgg;4yj5;1t5a;3bjf;3bjt;4fxf;4fxj
3wnu,A(2),3x16;3wnu;3wxo;1ub2
2z3z,A(2),2z3w;2z3z;2d5l;2eep;2dcm
3fg4,A,3fg1;4qwt;3fg3;3fg4
4e57,A,4e57;3s8r;4e56;4e55;1keh
1ir1,A(8) B(8),4hhh;4mkv;1aa1;1aus;1rbo;1rco;1rcx;1rxo;1upm;1ir1;1ej7;1wdd;3axm;3axk
2bs3,A(2) B(2) C(2),1qlb;2bs2;2bs3;2bs4
5ey9,A,5hm3;5ey9;5icr
2vgu,A(2),1yjy;1yjz;1yjs;3pgy;2vgs;2vgt;2vgu;2vgv;2vgw;2w7d;2w7e;2w7f;2w7g;2w7h;2w7i;2w7j;2w7k;2w7l;2w7m;2vmv;2vmw;2vmx;2vmy;2vmz;1kkj;1kkp;1kl1;1kl2;2vi8;2vi9;2via;2vib;2vmn;2vmo;2vmp;2vmq;2vmr;2vms;2vmt;2vmu
3czk,A,3czk;3czl;3cze;3czg;2wpg
4qfh,A(2),2o2c;2o2d;1q50;1t10;4qfh
1aql,A,1akn;1aql;2bce;1f6w;1jmy
3au2,A,3b0x;3b0y;3au2
3mv6,A(12) B(12),1ykk;1ykl;1yko;1ykp;1ykm;1ykn;3mi1;3t63;3t67;4whq;3lkt;3lmx;3lxv;3mfl;3mi5;3mv4;3mv6
2zy5,A(12),2zy3;2zy4;2zy5;3fdd
2y53,A(2),2y52;2y53;2y51;2y5d;2vro
1jvg,A(2),1jvd;1jvg;1jv1;1jv3;1vm8
1b3o,A(4),1jcn;1jr1;1b3o;1nf7;1nfb
2ify,A,1o99;2ify;1ejj;1eqj;1o98
1a8h,A,1a8h;1woy;2d5b;2d54
3gnp,A,3wbe;3wba;3gno;3gnp;3gnr
4rm1,A(2),4riz;4rm1;4rit;4rlg;4rj0
4akl,A,4aqg;3u3i;4akl
3gzh,A(4),3gzh;2pts;2ptq;2ptr
2x8t,A,2x8t;2x8s;2x8f;4cot;3lv4
4s00,A(2),4rzy;4rzz;4b28;4s00;4s01
3vkk,A,2e9l;2e9m;2zox;3vkk;2jfe
1l2q,A(6),1l2q;1nth;1tv2;1tv3;1tv4
2xlh,A(2),2ykz;2xlo;2xm4;2xl8;2xlv;2xld;2xlw;2xle;2xm0;2xl6;2xlh;4d4n;4d4x;5agf;2yl0;2yl1;2ylg;2yl3;2yl7;1e83;1e84;1e85;1e86;2xlm;2yld;2yli;3zwi;4cda;4cdv;4cip;4cjg;4cjo;4wgy;4wgz
5jck,A,5jci;5jck;5jcm;5jcn;5jcl
4lyq,A,4lyr;4lyp;4lyq;4nrr;4nrs
1tr1,A(8),1bga;1bgg;1uyq;1tr1;1e4i
1eqb,A(2),4p3m;3gbx;1eqb;1dfo
5d3u,A,5d3u;5d40;4l36;4tpn;4tpo
1szk,A(4),1sf2;1sff;1szu;1szs;1szk
1rxx,A(4),1rxx;2a9g;2abr;2aaf;2aci
3u06,A(2),1cz7;2ncd;3u06;3l1c
3tm1,A(2),3s3u;4ihd;3tm1;3tm2;4ihe
5it0,A(2),3p96;5is2;5it0;5it4;5jjb
3oo8,A,3oo6;3oo7;3oo8;3ooa;3oo9
2wgi,A(2),2wkh;2wki;2x01;2hp5;2rl3;4yin;2hp6;2hp9;2hpb;2wgi;1e4d;1ewz;1fof;1k4e;1k4f;1k6r;1k6s;2x02;3lce;4s2o;5fq9;2wgv;1h5x;1h8y;1h8z
2zbz,A,2zby;2zbz;3cv9;3cv8;2zbx
4df2,A(2),3tjl;3upw;4qai;4df2;4m5p
4uyb,A,1o6u;4tlg;4uyb
5it1,A,3e5j;3e5k;3aba;3e5l;5it1
3h2h,A,3h2i;3h2h;3h2g;3h2j;3h2k
4rob,A,4rob;4ro9;4roa;3pzf;4rsq
3wqw,A,3wl0;3wkz;3wl1;3wqv;3wqw
3io8,A B,3fdl;3io8;4qvf
3b8x,A(2),2gms;2gmu;3gr9;3b8x;2r0t
5jil,A(2),4zxn;5jil;4c7l;4c7w;5jif
1bjn,A(2),3qm2;3qbo;1bjn
4mog,A(4),4mok;4mol;3k4b;3lsk;3k4k;3k4l;3lsh;3lsi;1tt0;2igk;1tzl;2f5v;3bg7;3bg6;3k4n;3k4m;3k4c;3k4j;3fdy;2igm;3bly;2f6c;4moe;4mof;4mom;4moo;4mog;4moh;4mop;4moq;4moi;4moj;4mor;4mos;2ign;2igo;3lsm;3pl8
3ina,A,3imn;3in9;3ikw;3ilr;3ina
2ca4,A B,2blf;2bpb;2c9x;2ca4;2ca3
2a9d,A(2),2a9b;2a9c;2a99;2a9a;2a9d
3uq9,A,3vaq;4dc3;3uq6;3uq9;3vas
2qch,A(2),2jgy;2v30;3ewx;3ewy;2p1f;3bgg;3bgj;3bvj;3g3d;3mw7;4hib;4hkp;2qcf;2qcl;2qcm;3ewu;3eww;3ex6;2qcc;2qce;2qcg;2qch;2qcn;3bk0;3dbp;3ewz;3ex1;3ex2;3ex3;3ex4;3g3m;3l0k;3l0n;3mi2;3mo7
5hc4,A(2),5hc0;5hc4;5hc2;5hc5;5hc3
4b3x,A,4b43;4b3x;4b44;4b47;4b48
4qrg,A,4qrg;4qrv;3tnx
2r3x,A(2),1gsd;1gsf;1k3l;1k3y;1pkw;1pkz;1pl1;4hj2;5jcu;2vct;2wju;1f3a;1f3b;1tdi;2vcv;1pl2;1xwg;1usb;1ydk;3zfb;3zfl;2r6k;3u6v;3l0h;2r3x;3ktl;1ml6;1gse;3q74;1ev4;1ev9;3i69;3i6a;3ik9
3tk1,A(2),3tk1;3nxs;3md0;3p32;4gt1
4f13,A,1hv6;1qaz;4f13;4f10;4e1y
3lpd,A,3ti7;3ti9;3lpa;3lpc;3lpd
4wem,A B,4weu;4wen;4wem
4h6d,A(2),4h65;4h67;4h6d;4esw;4esx
3it3,A(2),3it3;4e3w;3it0;3it1;3it2
4xmi,A,4xe9;4xhb;4xhx;4xik;4xil;4xio;4xj8;4xj9;4xja;4xju;4xjw;4xjz;4xog;4xyx;4xma;4xmi;2jkb;2vw0;2vw1;2vw2;4foq;4fov;4fow;4foy;4fp2;4fp3;4fpc;4fpe;4fpf;4fpg;4fph;4fpj;4fpk;4fpl;4fpo;4fpy;4fq4
2oxn,A,1tr9;1y65;3gs6;3gsm;2oxn
4ou5,A(2),4ob8;4ob6;4ob7;4ou5;4ou4
3pva,A(4),3pva;2quy;2iwm;2z71;3mji
4w7v,A,5hnn;5hpc;4w7u;4w7v;4w7w
2dbz,A(2),5aov;5aow;2dbq;2dbr;2dbz
5ci0,A(2),1rsv;1piy;1r65;1pj0;1pj1;1yfd;1rsr;5ci0;2av8;1pim;1piu;1piz;1pm2;1av8;1jpr;1jqc;1mxr;1xik;2alx;2xof;5ci1;5ci2;5ci3;5ci4
1war,A,1qfc;1qhw;1war;2bq8;1ute
1nf5,A B,1nmm;1pzy;1nf5;1nhe;1nkh;1nqi;1nwg;1o23;1oqm;2fyd;1yro;2fyc
4mzo,A,1npz;1nqc;4bpv;4bqv;4bs5;4bs6;4bsq;4mzo;4mzs;1glo;2fye;2g6d;3iej;3kwn;3mpe;3mpf;1ms6;2f1g;2fq9;2fra;2frq;2ft2;2fud;2g7y;2h7j;2hh5;2hhn;2hxz;2op3;2r9m;2r9n;2r9o;3n3g;3n4c;3ovx;4p6e;4p6g
4k2a,A(2),3a2l;4k2a;3a2m;3a2n;3afi
3k1m,A(2),2h99;2h9b;3k1n;3k1m
2y7n,A,2ylh;2y7o;2y7m;2y7n
5i79,A,5i78;5i79;1h1n;1gzj;5i77
1zyd,A(2),1zyd;1zy4;1zy5;1zxe
4lbm,A,1a3k;1kjl;1kjr;2nmn;2nmo;2nn8;2xg3;3t1l;3t1m;3zsj;3zsk;3zsl;3zsm;4bli;4blj;4bm8;4jc1;4jck;4lbm;4lbn;4lbo;4r9a;4r9b;4r9c;4r9d;4rl7;5e88;5e89;5e8a;5exo;3aya;3ayc;3ayd;3aye;4lbj;4lbk;4lbl
3ruj,A,4gsj;3t7h;3ruj;3t7f
2ofa,A(4),1ij8;1ldo;1ldq;1lel;2a8g;5chk;4i60;4jhq;5iru;5irw;2ofa;2ofb;2of8;2of9;1vyo;3vgw;3vhh;3vhi;3vhm;5hlm;4u46;1wbi;2fhn;4bcs;1nqn;1y52;1y53;1y55;2fhl
1l1e,A,1l1e;1tpy;1kp9;1kpg;1kph
2zxk,A(2),2zxk;2zxl;3agb;3agc;3aga
3da4,A,2xtr;2xtq;2xmx;3da3;3da4
5c12,A,5c10;5c15;5c12;5c2d;5c2f
1s31,A,1s31;1c8z;1i7e;3c5n
4q1i,A(3),4q1g;4q1h;4q1i;4q1j;4q1k
5d1h,A,5bw4;5d1h;4x1o;5d1n;5bw5
2yj4,A,2iye;2yj3;2yj4;2yj5;2yj6
2yce,A(5),2yce;1w8s;1ojx;1ok4;1ok6
5agj,A,2wfg;5agh;5agi;5agj
1sjs,A(2),1idd;3dms;1iso;1cw7;4ajb;4ajc;4ajr;4ajs;4bnp;1cw1;1cw4;1idf;1hj6;1ai2;1ai3;1bl5;1p8f;1pb1;1pb3;1sjs;4aj3;4aja
2gb4,A,3bgd;3bgi;2bzg;2h11;2gb4
3pf3,A(2),3pf3;4bi7;4bi6;2dp3;4bi5
1qi7,A,1rl0;1qi7;1lp8;1lpc;1lpd
4l5u,A,1g3z;1g45;1g46;1g48;1g4j;1g4o;1i9l;1i9m;1i9n;1i9o;1i9p;1i9q;3m1q;3m1w;3u3a;3u7c;4q08;4q09;4q06;4q07;1th9;1thk;1tg3;1tg9;2fnm;2fnn;2nwy;2nwz;2nwo;2nwp;5g01;5g0c;5g03;5g0b;1h4n;2h4n;5jgs;5jgt;3tvo;4idr;1ugd;1ugg;3dbu;3dc3;3dc9;3dcc;3dcs;3dcw;3oik;3oil;3okv;4bcw;4m2w;4r59;4r5a;4riu;4riv;4ywp;4zao;4zwx;4zwz;1g0e;1g0f;1moo;4fik;4hew;4hey;4hez;4hf3;1am6;1bv3;1eou;1f2w;1g1d;1g52;1g53;1g54;1i8z;1i90;1i91;1if4;1if5;1if6;1if7;1if8;1if9;1kwq;1kwr;1lug;1okl;1okm;1okn;1oq5;1t9n;1tb0;1tbt;1te3;1teq;1teu;1ttm;1xeg;1xev;1xpz;1xq0;1z9y;1ze8;1zfk;1zfq;1zge;1zgf;2abe;2aw1;2ax2;2eu2;2eu3;2f14;2fmg;2fmz;2foq;2fos;2fou;2fov;2gd8;2geh;2h15;2hd6;2hkk;2hl4;2hnc;2hoc;2ili;2nng;2nno;2nns;2nnv;2o4z;2osf;2osm;2pou;2pov;2pow;2q1b;2q1q;2q38;2qo8;2qoa;2qp6;2vva;2vvb;2wd2;2wd3;2weg;2weh;2wej;2weo;2x7s;2x7t;2x7u;3b4f;3bet;3bl0;3bl1;3c7p;3caj;3cyu;3d8w;3d92;3d93;3d9z;3daz;3dd0;3dd8;3efi;3eft;3f4x;3f8e;3ffp;3gz0;3hfp;3hkn;3hkq;3hkt;3hku;3hlj;3hs4;3ibi;3ibl;3ibn;3ibu;3ieo;3igp;3k2f;3k34;3k7k;3koi;3kok;3kon;3ks3;3kwa;3m04;3m14;3m1j;3m1k;3m2n;3m2x;3m2y;3m3x;3m40;3m5e;3m67;3m96;3m98;3mhc;3mhi;3mhl;3mhm;3mho;3ml2;3mmf;3mna;3mnu;3mwo;3myq;3mzc;3n0n;3n2p;3n3j;3n4b;3nb5;3ni5;3nj9;3oim;3oku;3oy0;3oyq;3oys;3p3h;3p3j;3p44;3p4v;3p55;3p58;3p5a;3p5l;3po6;3pyk;3qyk;3r16;3r17;3rg3;3rge;3rj7;3ryj;3ryx;3ryz;3rz0;3rz1;3rz5;3rz7;3rz8;3s71;3s72;3s73;3s74;3s75;3s76;3s77;3s78;3s8x;3s9t;3sap;3sax;3sbh;3sbi;3t5u;3t5z;3t82;3t83;3t84;3t85;3tmj;3v2j;3v2m;3v5g;3v7x;3vbd;3zp9;4bf1;4bf6;4cq0;4dz7;4dz9;4e3d;4e3f;4e3g;4e3h;4e49;4e4a;4e5q;4fl7;4fpt;4frc;4fu5;4fvn;4fvo;4ht0;4ilx;4ito;4itp;4iwz;4kap;4kni;4knj;4kuv;4kuw;4kuy;4kv0;4lhi;4lp6;4m2r;4m2u;4mdg;4mdl;4mdm;4mlt;4mlx;4mo8;4mty;4n0x;4n16;4pq7;4pyx;4pyy;4pzh;4q6d;4q6e;4q78;4q7p;4q7s;4q7v;4q7w;4q81;4q83;4q87;4q8x;4q8y;4q8z;4q90;4q99;4q9y;4qiy;4qjm;4qsa;4qsb;4qsi;4qtl;4qy3;4r5b;4rfc;4rfd;4rh2;4rn4;4rux;4ruy;4ruz;4wl4;4ww6;4xe1;4yvy;4yx4;4yxi;4yxo;4yxu;4yyt;4z0q;4z1e;4z1j;4z1k;4z1n;4zwi;4zwy;4zx0;5a6h;5amd;5amg;5aml;5bnl;5byi;5c8i;5cjl;5clu;5dog;5drs;5dsi;5dsj;5dsk;5dsl;5dsm;5dsn;5dso;5dsp;5dsq;5dsr;5e28;5e2k;5e2r;5e2s;5eh5;5eh7;5eh8;5ehe;5ehv;5ehw;5eij;5ekh;5ekj;5ekm;5eoi;5fdc;5fdi;5flo;5flp;5flq;5flr;5fls;5flt;5fng;5fnh;5fni;5fnj;5fnk;5fnl;5fnm;5j8z;5jq0;5jqt;3ryv;3ryy;4ygj;4ygk;4ygl;4ygn;4cnr;4cnv;4cnw;4cnx;3v3i;3v3f;3v3j;3v3h;3v3g;3rg4;4gl1;3mnk;3mnh;3mnj;3mni;1lzv;4qef;3u47;3u45;4qk1;4qk2;2fnk;3rld;4pxx;4l5w;4l5v;4l5u;1fql;4hba;1h9q;1h9n;1zh9;3dv7;3dvd;3dvc;3dvb;3pjj;5jeg;5jeh;5jg3;5jg5;1uge;1ugc;1ugf;1ugb;1uga;3tvn;5jdv;5jep;5jes;4zx1;4m2v;5je7;4qk3;3kig;3kne;3m2z;3m5s;3m5t;4jsw;4jsz;4k0s;4k0t;4k0z;4k13;4k1q;4js6;4jsa;4jss;1fr7;1fsn;1fsq;1fsr;1fqm;1fqn;1fqr;1fr4;1yo0;1yo1;1yo2;1v9e;5a25;5ezt;5bru;5brv;5brw;1lg5;1lg6;1lgd;2nxr;2nxs;2nxt
3wtm,A(5),4um1;2zju;2zjv;3wtj;3wtl;3wtn;3wth;3wti;3wtk;3wtm;3wto;1i9b;1uv6;1uw6;1ux2;3u8j;3u8k;3u8l;3u8m;3u8n;3wip;3zdg;3zdh;4alx;4qaa;4qab;4qac;4zjt;4zk1;4zr6;4zru;5bp0
2a1f,A(6),2a1f;2bnd;2bne;2bnf;2v4y
2biv,A,2biv;2p0k;1oi1;2vyt
4w8s,A(2),3fy3;4w8q;4w8r;4w8t;4w8s
2x9j,A,2x9j;2x9i;2vck;2vcl;2vgr
1z3s,A,4jzc;1z3u;1z3s
3noq,A(2),3noq;3nov;3nor;3non;3noo
1gzw,A B,1w6q;1w6m;1w6n;1w6o;1w6p;1gzw;3oy8;3oyw
4rz4,A(10),1l6w;4s1f;4rz4;4rxf;4rxg
3qz5,A B,3qz5;3qxe;3qyh;3qyg;3qz9
4f80,A(2),4f8t;4f8q;4f80
1oa2,A,4h7m;1oa2;1oa3;1h8v;1olq
4ex4,A,4ex4;1n8i;1n8w;2gq3;5h8u;3s9i;3s9z;3sad;3saz;3sb0;5c7v;5c9r;5c9u;5c9w;5c9x;5cah;5cak;5cbb;5cbi;5cbj;5cc3;5cc5;5cc6;5cc7;5ccz;5cew;5cjn;5drc;5dri;5dx7;5e9x;5ecv
1gvl,A,1l2e;1lo6;3vfe;4d8n;1gvl
4yyq,A,4yyr;4yyu;4yys;4yyw;4yyq
4eab,A(3),4eaa;4eab;4ea7;4ea8;4ea9
3s8f,A B C,3eh4;3eh5;3qjs;1ehk;1xme;3qjq;3qjv;3s8f;3s8g;4g70;4g71;4g7q;4g7s;4fa7;4faa;4gp4;4gp8;4gp5;4n4y
3f6d,A(2),3g7j;3f6d;1jlw;3f63;3g7i
3rn4,A(4),4e4e;4f6e;3bfr;3lsu;3rn4
4ndb,A,2ccm;4ndd;4ndc;4ndb
3ve5,A(2),3vdp;3vdu;3ve5
2dt5,A(2),1xcb;3ikv;2dt5
2ofw,A(2),2pey;2pez;2ofw;2ofx;2ax4
3law,A,1vg8;1t91;3law
4nto,A,4ntg;4nto;4nt1;4nt2;4nti
4l7w,A(2),4dmb;4l7w;4l7e
3dlr,A(2),3dlr;2x78;2x6n;2x6s;2x74
4h86,A(2),4dsq;4dsr;4h86;4owy
2gc9,A(2),2gc9;2w2a;2w2b;2w2f;2wsj
1ue0,A,1wny;1wnz;1wk8;1ue0;1udz
3zpe,A(3),3zpe;3zpf;4d62;4d63;4cw8
2qdv,A,2idt;2idu;2idq;2ids;1sfd;1sfh;1sf3;1sf5;2qdv;2qdw;4p5r;4p5s;2gb2;2gba;3ie9;3iea;3rym;3ply;1bxa;1t5k;2ov0;2rac;3l45
3wjv,A,1iwm;1iwn;3wjt;3wju;3wjv
4bl7,A B,4bvy;4bl7;4bvx
2gkt,A,2gkt;2gkr;1ds3
4phg,A,4phf;4phh;1ky2;1ky3;4phg
3w6f,A,3w6e;3w6f;3w6b;3w6c;3w6d
4hj3,A(2),4hj3;4hia;4hj4;4hj6;4hnb
1rci,A(24),1rcc;1rce;1rcd;1rcg;1rci
4m35,A(12),4m33;4m34;4m32;4m35;2z90
1mx6,A,1mx4;1mx2;1mx6
2gt4,A(2),2i8t;2i8u;1rya;2gt2;2gt4
4jby,A(2),1e2j;1e2l;1e2h;1e2i;1e2k;1e2p;1ki2;1ki7;1ki8;1kim;1of1;1p7c;1qhi;1vtk;2vtk;3f0t;3rdp;4ivp;4ivq;4ivr;4jbx;4jby;4oql;4oqm;4oqn;4oqx
3hvs,A(2),3hvx;3hvv;1qxh;3hvs;3i43
4bhc,A,4bhb;4wxd;4wxc;4bhc
4kqi,A(2),4kqj;4kqk;4kqh;4kqi;4kqf;4kqg;1d0v;1jh8;1jha;1jho;1jhp;1jhq;1jhr;1jhu;1jhv;1jhx;1jhy;1l4b;1l4e;1l4f;1l4g;1l4h;1l4k;1l4l;1l4m;1l4n;1l5f;1l5k;1l5l;1l5m;1l5n;1l5o
1z3d,A,1q34;1z3d;2yb6;2aak
2bt2,A,3c7l;2bt2;2ihd
2bkc,A(12),2iy4;2bkc;2bk6;2bjy
2xik,A,3ckw;3ckx;3ggf;2xik;3a7f;3a7g;3a7h;3a7i;3a7j;4qml;4qmm;4qmn;4qmo;4qmp;4qmq;4qms;4qmt;4qmu;4qmv;4qmw;4qmx;4qmy;4qmz;4qna;4qo9;4u8z;4w8d;4w8e
3lhb,A(2),1f5o;1f5p;3lhb;1uc3
3vod,A(2),1jgs;3voe;4jba;3vb2;3vod
2wdo,A(3),2wds;2wdy;2jbz;2jca;2wdo
2arx,A(2),3zvx;3zyr;5eyx;5eyy;1n3o;1n3p;1n3q;1s1a;2ar6;2arb;2are;2arx;1q8o;1q8p;1q8q;1q8s;1q8v;1ukg;2auy;2gme;2gmm;2gmp;2gn3;2gnb;2gnd;2gnm;2gnt;2phf;2phr;2pht;2phu;2phw;2phx
5ed0,A(2),5ecd;5ecw;5ed0
4zrb,A(4),4xy6;4xy5;4i82;4zrb;4zrf
3bzr,A,3bzt;3bzr;3bzs;3bzp
3opv,A(6),1vhj;1vhw;3of3;3occ;3opv;4ts9;1otx;1oum;1ov6;1ovg;1ecp;1k9s;1oty;1ou4;1pk7;1pk9;1pke;1pr0;1pr1;1pr2;1pr4;1pr5;1pr6;1pw7;3onv;3ooe;3ooh;3ut6;4rj2;4ts3;4tta;4tti;4ttj
4db5,A(3),3b93;3b94;2q1m;4db5
2zl1,A B,3cpt;1sko;2zl1
2gtu,A(2),1xw5;1ykc;2ab6;2gtu;3gur;2dc5;2c4j;1gtu;1xw6;1xwk;1yj6;2f3m
3aq7,A,3aq5;3aq6;3aq7;3aq8;3aq9
3ety,A,3ety;3etw;3etz
3shx,A(24),4lpm;4lpn;5j8s;5j8w;5j93;5j9v;5jac;1bg7;3se1;3ka6;3ka9;3ka8;4p18;3shx;3sh6;4mjy;4mku;4ml5;4mn9;1mfr;3ka3;3ka4;3rbc;3re7;3rgd;4das;4lpj;4lqh;4lqj;4lqn;4lqv;4lyu;4lyx;4my7
1b11,A(2),2hah;3ogq;1b11;6fiv;5fiv
2fa4,A,2fa4;3f3r;3f3q
2qhl,A(2),2qjd;3b5t;2qqq;2qhl;2qte
1rwy,A,1rwy;1s3p;3f45
5fu3,A,5aot;5fu2;5fu3;5aos;5fu4
4mmg,A,4ml2;4mmg;4mmj
3nsk,A(2),1kso;3nsi;3nso;3nsk;3nsl
3qmx,A,3qmx;4mjb;4mjc;4mja;4mje
2w4p,A,2vh7;2w4c;2w4p;3toq;2acy
5dy7,A,4uye;5g4r;4lc2;5c7n;5c85;5c87;5c89;5d7x;5dy7;5dya;5dyc;5e3d;5e3g;5em3;5epr;5eps;5eq1;5etb;5etd;5ev9;5eva;5ewc;5ewd;5ewh;5ewv;5eww;5ffy;5fg4;5fg5;5g4s
4q71,A(4),3haz;4q73;4q72;4q71
2ead,A,2eab;2eac;2ead;2eae
2nxi,A(4),2ef9;2nxi;1t8x;1t96;1t99;1zha;1zji;1fwn;1fws;1fwt;1fww;1fx6;1fxp;1fxq;1fy6;1jcx;1jcy;1pck;1pcw;1pe1;2a21;2a2i;3e0i;3e12;1lrn;1lro;1lrq;2nwr;2nws;2nx1;2nx3;2nxg;2nxh
4ok4,A(2),4ojz;4ok2;4nei;4ok4
5fkt,A,5fkr;5fks;5fkq;5fkt
4fwg,A(6),4fwd;4fwh;4fwg;4fw9
3tp3,A(2),3tp3;3g1o;1t56;1u9n;3g1l;3g1m;3o8g;3o8h;3q0u;3q0v;3q0w;3q3s;3sdg;3sfi;3tp0;4dw6;4m3b;4m3d;4m3f;4m3g;5eyr;5ezg;5ezh;5f04;5f08;5f0c;5f0f;5f0h;5f1j;5f27
1fdi,A,2iv2;1aa6;1fdo;1fdi
3zzt,A,3zz0;3zzt;3zzu;2xex
3o8y,A,3v98;3v99;3o8y;3v92
5hqb,A,5hq4;5hqa;5hqb;5hqc
1ryy,A(4),2b9v;1ryy;1nx9
1xl7,A,1xl7;1xl8;1xmd;1xmc
1lar,A,2fh7;3sr9;4bpc;1lar
3nta,A(2),4ocg;3nt6;3nta;3ntd
4m8u,A,4maz;4mb1;4m56;4m8u
2w61,A,2w62;2w63;2w61;5fih
1etx,A(2),1ety;1f36;1eto;1etk;1etw;1etx;1etq;1etv
4ap3,A,4aos;4aox;4ap3;4ap1
3ljp,A,2jbv;4mjw;3nne;3ljp
2exh,A(4),2exh;2exk;2exi;2exj
2wzf,A,2wzg;3jt1;3jsz;2wzf
4o49,A,4o49;4o3z;4o3y;3pqs
3nsy,A,3nsc;3nt0;3nsy;3qqx;1pf3;4hak;4hal;1kv7;1n68;2fqd;2fqe;2fqf;2fqg;3nsd;3nsf;3od3;3pau;3pav;4ef3;5b7e;5b7f;5b7m
1nkg,A,2xhn;3njv;3njx;1nkg
4icy,A(2),4x4j;4icy;2qa1;2qa2
2j91,A(4),2j91;4ffx;2vd6;4flc
4ghc,A(4),1q0c;1q0o;2ig9;2iga;3bza;3ojj;3ojk;3ojn;3ojt;4ghg;4ghh;4z6z;3ecj;3eck;5bwg;5bwh;4z6l;4z6o;4z6r;4z6u;4z6m;4z6p;4z6s;4z6v;4z6n;4z6q;4z6t;4z6w;4ghc;4ghd;4ghe;4ghf
5bwf,A,4mdo;4mdp;5bwf;3ahy
4fff,A,4ffh;4ffi;4ffg;4fff
4lsi,A(3),1hxt;1hxx;2zfg;3poq;3pou;3pox;4gcp;4gcq;4gcs;4lse;4lsf;4lsh;4lsi
4e3r,A(2),3nui;4e3r;4e3q;4grx
3tp4,A,2bvt;2bvy;2x2y;3tp4
1e62,A,2vyq;2vzl;3zbu;3zc3;1e64;1e62;1e63;1b2r;1h42;1go2;1quf;2bmw;4bpr;2x3u;2bsa;1gr1;1ogi;4c43;3zbt;1ogj;1qgy;1qgz;1bqe;1h85;1bjk;1qh0;1gjr;1que;1w34;1w35
3sq8,A,3sq5;3sq8;3sq3;3sq7
2yqb,A(3),3ziy;4ax3;2yqb;3zbm
1zx9,A(2),1zk7;1zx9;4k7z;4k8d
4nz0,A,4nz0;4nyz;4y2c
1tp7,A,1tp7;1xr6;1xr7
5ipy,A(2),5gsn;5iq1;5ipy;5iq4
4p61,A(2),1sq7;1sw0;1ssd;1ssg;2i9e;4pod;4zvj;4unk;2vom;4unl;1sw3;1sw7;4p61;1spq;1su5;2jk2;4br1;4poc;1r2r;1r2s;1r2t;4owg
2xsj,A(2) B(2) C(2),3or1;3or2;2xsj;2v4j
4wde,A,4wdd;4wfr;2ypc;2ype;2yph;3zbr;2xmi;2y1p;2y3x;2ydb;2ydc;2ydd;2yoz;2yp0;5ae0;4wda;4wdb;4wde;4wdh;4wbi;4wbl;4wcb;4wca;4wc9;4wex;4wcc;1woj;2yq9;3zbs;3zbz;4wdf;4wdg
1ug6,A,4bce;1np2;1ug6;3zjk
2rjt,A(2),1ox0;1oxh;2alm;2rjt
4fdt,A,4fdt;4fdu;5cu7;5cx4
3o5j,A,3o5l;3o5m;3o5o;3o5p;3o5q;3o5r;4drk;4drm;4drn;4dro;4drp;4drq;4jfi;4jfj;4jfk;4jfl;4jfm;4tw6;4tw7;4tx0;4w9o;4w9p;4w9q;5bxj;5dit;5diu;5div;4r0x;3o5g;3o5i;3o5j;3o5k
4b4f,A,4b4f;4b4h;4avn;4avo
1ff2,A,6fd1;1pc4;1pc5;1f5c;1f5b;1ff2;1g3o;1gao;1g6b;1d3w
2a8i,A(2),2a8i;2a8j;2a8l;2a8m
4if8,A,4if8;5ei0;4y40;4y3k
4j94,A,4kb5;4kpg;4j94;4hvl
3p2n,A(2),3p2n;4ak5;4ak7;4ak6
1umy,A(4),1lt7;1lt8;1umy;4m3p
1ucs,A,4ny6;4ur4;2spg;8ame;3ame;6ame;9ame;2ame;4ame;7ame;1b7k;1b7i;1b7j;1jab;2jia;5msi;2msi;3msi;9msi;4msi;8msi;7msi;1ekl;1ucs;1ame;1gzi;1hg7;1msi
2q6u,A,2oln;2olo;3hzl;2q6u
3p4i,A(2),3p4i;4iz9;3r9p;4dq8
1ll7,A,1d2k;1ll4;1ll7;1ll6
3if9,A(4),1ng3;1ng4;1ryi;3if9
3t9p,A(2),3tcs;3u4f;3t9p;3t8q
1e3e,A(2),1e3e;1e3i;3cos;1e3l
2c5e,A(2),2c5e;2c5a;2c59;2c54
4lny,A,3nyz;3nz1;4iww;4ix0;5an7;5aou;3uxa;3uxd;1a53;1lbf;1lbl;4lny;4a2r;4a2s;4a29;4pa8;3tc6;4ijb;3uy7;5k7j;3hoj;3uy8;3tc7;4ou1;4pek;3nxf;3o6y;3ud6
3ly9,A(2),3ly7;3lya;3ly8;3ly9
2ydt,A,2w5n;2w5o;2ydp;2ydt
4afr,A,4afr;4afv;4afp;4af8
2fss,A(2),5dn9;5dna;2fss;2j6i
4net,A,4u0t;4u0x;4qd4;4net
4ykh,A(24),2clu;2cn6;2chi;2cih;2cn7;2iu2;2z6m;4dyy;4dyz;3ajo;4oyn;4y08;4ykh;4zjk;3es3;1r03;5cmq;3ajq;3ajp;4dz0;4dyx;2cei
1as4,A B,4caa;3caa;1as4
4qis,A(2),4q4k;4qis;4qit;4qiu
2gro,A B,2gro;2grq;2grp;2grr;2grn
2g4k,A,2foz;2fp0;2g4k;2qty
4z23,A,4z23;5dza;4ofq;5dz9
5f9m,A(2),5f1y;5f5x;5jyb;5f9m
3hq7,A(2),3hq7;3hq9;3hq6
2yhw,A(2),2yhy;2yi1;2yhw;3eo3
3wle,A(4),3wle;3wlf;3wnq;4c4o
1j0c,A(2),1j0c;1j0d;1f2d;1j0e
2fg6,A(3),2fg6;2fg7;2g7m;1js1
1xf8,A,1ne9;1xix;1xf8;1xe4
3ejw,A,1tjy;1tm2;3t95;3ejw
3e8g,A(4),3k03;3k04;3k06;3k08;3k0d;3k0g;4r6z;4r7c;4r8c;4rai;4ro2;3e83;3e86;3e89;3e8b;3e8f;3e8g;3e8h;3ouf;4pdl;4pdm;4pdr;4pdv;3t1c;3t4d;3t4z;3tet;3tcu;3t2m;4zbm
4xfp,A(4),1j2g;3wlv;5ayj;4xfp
4rw3,A,3rlg;4rw5;3rlh;4rw3
2xm5,A,2xlq;2xm7;2xm5
5d86,A(2),5d84;5d85;5d86;5d87
3m0t,A,2f2w;1pwt;1shg;1u06;2nuz;4f16;4f17;3m0p;3m0q;3m0r;3m0s;3m0t;3m0u;1uue;3ngp;1e6h;1e6g;2cdt;1hd3;2f2v;2f2x;1qkw;1qkx;1h8k;5fw9;5fwb;5fwc;3i9q
4inz,A,4o08;4nzz;4inz;4io0
2ac3,A,2hw7;2ac3;2hw6
2px6,A,2px6;1xkt;3tjm;4z49
4yej,A(3),2x6w;4avz;4xot;2x6y;4xl9;4xla;2x6x;4xkv;4xkw;2vji;2vjj;2x85;4xlc;4xle;4xlf;4xlh;4xmy;4yel;4xm3;4xn0;4xn3;4xnf;4xr6;4yej;4xon;4xop;4xor;4xqf;4xqh;4xqi
1wpp,A(2),1wpp;1k20;2enx;1i74
1u4n,A,1qz3;1u4n;2hm7;1evq
3fgu,A,4iwv;4ixc;3qic;1v4s;3a0i;3f9m;3fgu;3fr0;3goi;3h1v;3id8;3idh;3imx;3s41;3vev;3vey;3vf6;4dch;4dhy;4ise;4isf;4isg;4mle;4mlh;4no7;4rch
2bht,A(2),2jc3;2bhs;2bht;2v03
4dia,A,4di8;4di9;4d8l;4dia
3t1g,A,1ndv;1ndw;1ndy;1ndz;1o5r;1uml;1v79;1v7a;1vfl;1wxy;1wxz;2e1w;2z7g;3iar;1a4l;1a4m;3mvi;3mvt;3t1g;3km8;1krm;1qxl
3gkf,A(10),3glc;3gnd;3gkf;4p2v
3znn,A(2),3wgt;4yjd;1an9;1evi;1ve9;2du8;2e48;2e4a;2e82;3g3e;3w4i;3w4j;3znn;3zno;3znq;4qfc;4qfd
3cxr,A(4),3cxr;3o03;4u8g;4z9x
2uwc,A,2uwb;2vh9;2uwa;2uwc
1v0b,A,1ob3;1v0p;1v0b;1v0o
3q12,A(2),3q10;3q12;3mue;1iho
4hk8,A,4hk8;4hko;4hk9;4hkl;4xqw;1red;1ree;1ref;2d97;2d98;2dfb;2dfc;2jic;3akp;3akq;3akr;3aks;3akt;4hkw;4s2d;4s2g;4s2h
5ctj,A(8),2fw6;2fw7;2fwp;5clg;5clh;5clj;1u11;2fw1;2fwj;5clf;5cli;2fw8;2fwb;2fw9;2fwi;2fwa;4ycc;4ycd;4ycj;4z7j;4zc8;4zjy;4zk2;4zmb;5bor;4ycb;5ctj;5cvt
4zre,A,3uue;3uuf;4zrd;4zre
4xxp,A,4w65;3rq0;4pq9;4xxp
4jjt,A(6),3p85;3pe8;3qyr;4jjt
1uzl,A(4),1uzm;1uzn;2ntn;1uzl
5thx,A,2qdx;3crz;5thx;1a8p
3bb4,A,3def;3bb3;3bb4
2wuu,A,2wsa;2wuu;3h5z;4a2z;4a30;4a31;4a32;4a33;4c7h;4c7i;4cgl;4cgm;4cgn;4cgo;4cgp;4cyn;4cyo;4cyp;4cyq;4ucm;4ucn;4ucp;5a27;5a28;5ag4;5ag5;5ag6;5ag7;5age
3sjz,A,4rcy;4rd0;3sjz;4m2l;3pen;4m53;4m4s;4qfm;4nbs;4rd1;4rd2;4rd3;2plf;2pmd;3i1f;4m0l;4rcz;4rd4;4rd6;4rjl;5dsz
1x04,A(2),1zww;2d4c;1x04
1udn,A(6),1uds;1udn;1udo;1udq
2oci,A,2ocg;2oci;2ock;2ocl
1omw,A B C,1omw;3psc;3pvu;3pvw;5he0;5he2;5he3;3cik;3krw;3v5w;4pnk
5gkc,A(2),5gkc;3s5b;4qn0
3ris,A,3a7s;3tb3;3ris;3rii
4ebn,A,3ny4;4qb8;2gdn;3cg5;3dwz;3iqa;3m6b;3m6h;3zhh;4df6;4q8i;4qhc;4jlf;4x6t;3n6i;3n7w;3n8l;3n8r;3n8s;3nbl;3nc8;3nck;3nde;3ndg;3vff;3vfh;4ebl;4ebn;4ebp
5h99,A,5h93;5h9i;5h98;5h99
1oto,A,1oto;1otn;1otm;1d0b
5a64,A,3bhd;3tvl;5a64;5a65
1a7s,A,1a7s;1fy1;1fy3
3byy,A B,2aq1;2aq2;3bzd;3byy;3byt
4top,A(2),4top;4chs;2vo4;5agy
4kas,A(4),1kq4;1o24;1o25;1o26;1o27;1o28;1o29;1o2a;1o2b;4gt9;4gta;4gtb;5ioq;5ior;4kar;4kas;4gtl;4kat;3n0b;3n0c;5chp;3g4c;3g4a;4gtf;5ios;5iot;4gtc;4gtd;4gte
3kj0,A B,2nl9;2pqk;3kj0
3rle,A,4kfw;4edj;3rle
4zgd,A B,4fm4;4zgd;4zge;4zgj
1o0e,A,2pns;2pre;3bcn;1o0e
4fup,A(2),4fum;4fup;4fun;4fuo
3b6y,A,3rlo;3b6y;3rln
2et1,A(6),1fi2;2et1;2ete;2et7
1jxg,A,4dp0;4dp1;4dp2;4dp4;4dp5;4dp6;1jxg;1tef;1ag6;1byp;1byo;1oow;4dp7;4dp8;4dp9;4dpa;4dpb;4dpc
4dq0,A,2xva;2xvm;4dq0;2i6g
1umh,A,1umh;2rj2;1umi
3bqe,A,3bqe;3bqh;3bqg;3bqf
1zd9,A,2h18;1zd9;2al7;4ile
2vu4,A,2vu4;4rti;4rth;1v2b
4f0w,A,3vpi;4f0w;4f0v
2jg6,A,2jg6;4aia;4ai5;4ai4
5cms,A,1spv;5cb3;5cb5;5cms
2pwe,A,4how;4hox;4gin;4h2c;3gbd;3gbe;1m53;4hoz;4hph;4hp5;4go9;4go8;4h8h;2pwe;2pwf;1zja;1zjb;2pwd;2pwg;2pwh;4h8v;4gi6;4gi8;4gi9;4gia;4h7v;4h8u;4ha1
2a0s,A(6),2a0s;3lx3;3m0n;3lze
4zdz,A,5esf;5esg;5esh;5esi;5esj;5esk;4ze2;4ze3;4lxj;4wmz;5eab;5eac;5ead;5eae;5eag;5eah;5eqb;5hs1;5eaf;5ese;5jlc;4zdy;4zdz;4ze0;4ze1;5esl;5esm;5esn
1wms,A,1s8f;1wms;2ocb;1yzl
4kq6,A(5),4kq6;1ejb;2jfb
4gig,A,1zd7;3nzm;1zde;4gig
5fzh,A,5fv3;5fpl;5fyy;5fzb;5a1f;5fwj;5a3n;5a3p;5a3t;5a3w;5fpu;5fun;5fup;5fyt;5fyu;5fyz;5fz0;5fz1;5fz3;5fz4;5fz6;5fz7;5fz9;5fza;5fzc;5fzh;5fzk;5fzl
5a1n,A B,5a34;5a5h;5a1n
3tvz,A,3tvz;4jou;4fvc;4oz5
5cco,A(3),5cco;5cct;4gv8;4wrk
4nni,A,4nni;4nnk;4nnh;4nng
1eum,A(24),1eum;4reu;4ztt;4xgs
5i5y,A(2),2hg8;2hgx;1ekf;1ekp;1ekv;1kt8;1kta;2a1h;2hdk;2hgw;5bwr;5bwt;5bwu;5bwv;5bww;5bwx;5cr5;5hne;5i5s;5i5t;5i5u;5i5v;5i5w;5i5x;5i5y;5i60
3oi9,A(3),3oi9;3pzy;4twg
5i0y,A(2),3nrp;3nrq;5i0x;5i0y
4ekl,A,3qkm;4ekl;4gv1;1mrv;1mry
5hbn,A,5hbn;2y1q;4p15
2hxp,A,2hxp;4y2e;1mkp
4wv7,A,4wv5;4wv7;3h0x;3dob
2uv7,A(2),2uv4;2uv5;2uv6;2uv7
3c7q,A,2p2h;2qu5;2qu6;2rl5;3b8q;3b8r;3be2;3cp9;3cpb;3cpc;3dtw;3ewh;3vnt;3vo3;2p2i;3efl;3cjf;3cjg;1ywn;2xir;3wzd;3wze;4ag8;5ew3;2oh4;3c7q;3u6j
4d0u,A(3),4d1f;4d1g;4d0u;4d0v
2jlh,A(2),2v5g;2w0r;2jlh;2jlj
2pae,A(2),2pae;2pak;2pa7;2pam
3qn9,A(6),3qn0;3qn9;3qna;2oba
4zy9,A,4zz5;4zz8;4zxe;4zy9
4ane,A(6),4anc;4and;4ane;1k44
1uwz,A(4),1uwz;1ux0;1ux1;1jtk
4wig,A(4),4f3w;3ijf;4wif;4wig
5amf,A,5ame;5amf;3rcw;5fg6
3br5,A(2),1jt6;1jtx;1jty;1jup;1jus;1rkw;1rpw;2dtz;2g0e;2gby;2hq5;3br3;3pm1;3bqz;3br0;1qvt;1qvu;3bt9;3btc;3br2;3br5;3bti;3btj;3btl
4xpw,A,4xq1;4xpw;4xpy;4xpx
3h1g,A,3gwg;3h1e;3h1f;3h1g
2gkg,A,2gkg;2i6f;2nt3;2nt4
4b1t,A B,4b1t;4b2a;4b2c;4b2b
1ucl,A,1mgr;1mgw;1box;1i8v;1ucl;1uck;1uci;1ucj;4j5g;4j5k;3a5e;1t2i;1t2h;1ynv;1i70
3u4e,A B C,3u2s;4dqo;3u4e;4ywg
1jlh,A(2),1gzd;2cvp;2cxn;2cxo;2cxp;2cxq;2cxr;2cxs;2cxt;2cxu;1jlh;1n8t;4wmj;1dqr;1g98;1hm5;1hox;1koj;1xtb;1iat;1iri;1jiq;1nuh;1u0e;1u0f;1u0g
2wow,A(2),2wba;2woi;2wov;2wow;2wp5;2wp6;2wpc;2wpe;2wpf;2jk6;1gxf;4new;1fec
2paa,A,2wzb;2wzc;2x13;2x15;2xe6;2xe7;2xe8;2ybe;2zgv;3c39;3c3a;3c3b;3c3c;3zoz;2wzd;2x14;1vjc;1vjd;4axx;4o33;4o3f;1kf0;1hdi;2p9t;2paa
4dxz,A,4dy3;4dxz;4dy5
1m3z,A(4),1dlu;1dlv;1dm3;1m4s;1m4t;1nl7;1ou6;1qfl;2vu0;2vu1;2vu2;2wl6;1m1t;2wkv;2wku;1m1o;1m3k;1m3z;2vtz
1m2b,A(2),1f37;1m2a;1m2b;1m2d
2hkr,A(2) B(2),2hxc;2i0r;2agl;2agw;2agx;2agy;2agz;2ah0;2ah1;2hj4;2hjb;2hkm;2hkr;2i0s;2i0t;2iup;2iuq;2iur;2iuv;2ojy;2ok4;2ok6;2q7q;2oiz
4h0y,A B,4h0v;4h0x;4h0y;3buz;4gy2;4h03;4h0t
1kxp,A B,1kxp;1ma9;1lot
3cip,A B,4cbu;4cbx;4cbw;1yvn;1d4x;3ci5;3cip;1yag;1nlv;1nm1;1nmd;3a5m;3a5o;3a5l;3a5n;1c0g;1dej;1c0f;1p8z;1eqy;1esv
3p67,A,3p74;3p67;3p82;3p8j;3p84;3p8i;2abb;1vyp;1vys;1gvo;1gvq;1gvr;1gvs;1h50;1h51;1h60;1h61;1h62;1h63;1vyr;2aba;3f03;3kft;3p62;3p7y;3p80;3p81
4qb0,A,4qaz;4qb0;5dsd;5e2x
4wni,A(4),1ihx;4o59;4o63;4k9d;4wni;4z0h;5c7i;1j0x;5ddi;3h9e;3pfw;5c7l;5c7o;1u8f;1znq;4wnc;3e5r;3v1y;1crw;1dss;1szj
3i31,A,3i31;4i68;4i69
3ej3,A(3) B(3),1s0y;3ej3;3ej7;3ej9
4dbq,A B,4dbp;2bkh;3l9i;4dbq;2vas;2x51;4pjj;2vb6
3h7x,A(3),3lt7;3lt6;3h7x;3h7z
3dxd,A B,3dxc;3dxd;3dxe
2aim,A,3hd3;3iut;4w5b;2p7u;2p86;1aim;1ewl;1ewm;1ewo;1ewp;1f29;1f2a;1f2b;1f2c;1me3;1u9q;2aim;3i06;3kku;3lxs;4klb;4pi3;4xui
2x2d,A B,4dge;4dga;1m9y;1m9f;1m9e;1m9d;1m9x;1m9c;2x2d;2x83
1xq5,A(2) B(2),1hbh;1s5x;1s5y;2h8d;2h8f;2peg;3gkv;3gqg;4g51;4odc;1la6;3d1k;3nfe;3ng6;2aa1;4esa;1xq5;3bj1;3bj2;3bj3
2ec5,A,2ebf;2ebh;2ec5
1i1i,A,4fxy;1i1i;2o3e
4na1,A(2),4na1;4na2;4na3
3t6q,A(2) B(2),3rg1;3t6q;3b2d
4j3b,A,3t8v;4j3b;3ebg;3ebh;3ebi;3q43;3q44;4k5l;4k5m;4k5n;4k5o;4k5p;4r5t;4r5v;4r5x;4x2u;4zqt;4zw3;4zw5;4zw6;4zw7;4zw8;4zx3;4zx4;4zx5;4zx6
4jkq,A,4jkq;4l4h;4l4i
5h12,A,4ahc;2jgu;5h12;1qqc;2vwk;1tgo;1d5a
1kec,A B,1kec;1fxh;1fxv;1gm9;1k7d;1pnk;1pnl;1pnm;1ai4;1ai5;1ai6;1ai7;1ajn;1ajp;1ajq;1h2g;1gm7;1gm8;1jx9;1k5q;1k5s
5dnc,A(4),5dnc;5dnd;5dne
4og7,A,3u84;4og6;4og7;4og8;4og3;4og4;4og5;4gpq;4gq3;4gq4;5db0;5db1;5db2;5db3;5dd9;5dda;5ddb;5ddc;5ddd;5dde;5ddf
2wmg,A,2wmf;2wmh;2wmg
4cok,A(4),5euj;2vbi;4cok
2ot4,A(6),3sxq;3ttb;2ot4;2zo5;3d1i;3f29;3fo3;3gm6;3lg1;3lgq;3mmo;3owm;3rkh;3s7w;3sce;3uu9;4l38;4l3x;4l3y;4l3z;4q0t;4q17;4q1o;4q4u;4q5b;4q5c
3uji,A B C,3mlw;3uji;3mlx
4xox,A(2),1fj4;1fj8;1g5x;2aq7;2aqb;2buh;2bui;2vb8;2vb9;2vba;2byz;2bz4;2byy;2bz3;2byw;2byx;1dd8;3oyt;1h4f;4xox;1ek4;1f91
2ht7,A(4),5hun;4mjv;4mju;4ks1;4ks2;4ks3;4ks4;4ks5;4m3m;2ht5;2ht7;2ht8;2htr;2htu;3sal;3san;3ti8;4qn5;3o9j;3o9k;4d8s;4gb1;4wa3;4wa4;4wa5
4o4x,A,4o4x;4o4u;3hol
3fkg,A,4fdq;4g05;4blk;4bll;4bln;4blx;4bly;4blz;4bm0;2boq;3fkg;3fm6;3fmu;3fm4;3fm1;3fjw;5abn;5abo;5fnb;5fne;4fcn;2vka;2w23;4fef;4fcs
3vp6,A(2),3vp6;2okj;2okk
5ime,A,3q52;3q53;1yhv;2hy8;1yhw;3fxz;3fy0;4daw;4eqc;5dfp;4o0r;4o0t;5dew;5dey;5ime;4zy4;4zy5;4zy6;4zji;4zjj;4p90;5kbq;5kbr
1r6a,A,1l9k;2p1d;2p3l;2p3o;2p3q;2p40;2p41;1r6a;3evg;5ikm;3p8z;3p97;4ctj;4ctk;4r8r;4r8s;5cuq;5e9q;5ec8;5ehg;5ehi;5eif;5eiw;5ekx
2zcs,A,3vjd;3vje;3adz;3lgz;3ae0;2zco;2zcq;2zcr;2zcs;2zy1;3acw;3acx;3acy;3npr;3tfn;3tfp;3w7f;4e9u;4e9z;4ea0;4ea2;4f6v;4f6x
3p2c,A(2),2p0v;3p2c;3on6
1c7i,A,1qe3;1c7i;1c7j
4ivo,A,4ivo;4ivm;3nks
4l2h,A,4epp;4epq;4l2h
2fyk,A(2),1wnl;1wpy;1wq7;1wqw;1x01;2dkg;2dth;2dti;2dto;2fyk;2djz;2hni;2deq;2e1h;2dve;2e10;2e41;2e64;2zgw;2dxt;2dz9;2e65;2dxu;2dzc
4q4g,A,4q4g;4q4n;4q4t
3q8n,A(2),3r4t;3q8n;3oks
5jg4,A,5jg4;5es2;5fia
5ijq,A,4zg9;4zga;5dlv;5dlw;3nkm;3nkn;3nko;3nkp;3nkq;3nkr;3wav;3waw;3wax;3way;5l0b;5kxa;4zg6;2xr9;5l0k;4zg7;5dlt;5ijq;5ijs
1rrh,A,3pzw;4wfo;1y4k;3bne;3bnb;3bnd;3bnc;4wha;5eeo;1fgq;1fgr;1fgt;1fgo;1fgm;1jnq;1lnh;1n8q;1rov;1rrh;1f8n;1yge
4k1i,A(4),5huk;4k1j;4h53;4gzs;4gzt;4gzw;4gzx;4h52;4k1h;4k1i;4k1k;4gzo;4gzp;4gzq
3rcy,A(8),3rcy;3t4w;4j3z
2j3v,A,2j3z;2j3v;2j3x
1tbf,A,1t9r;1rkp;3tgg;1t9s;1tbf;1xoz;1xp0;1udt;1uho;2h40;2h42;2h44;3b2r;3shy;3shz;3sie;4g2w;4g2y;4i9z;4ia0;4md6;4oew;4oex
2o4v,A(3),4rjx;4rjw;2o4v
1ldg,A(4),1t24;1t25;1t26;1t2c;1t2d;1u4o;1u4s;1u5a;1u5c;1xiv;2a94;2x8l;4b7u;1cet;1ldg;4plz;1t2e;1oc4;1ceq;2a92;2aa3;5hs4
1njj,A(2),1njj;1f3t;1szr
3li3,A,1e1a;1pjx;2gvv;2gvw;3byc;3kgg;3o4p;3i1c;3li4;3li3;3li5;2gvu;2gvx;3hli;3hlh;2ias;2iar;2iap;2iax;2iao;2iaq;2iav;2iau;2iaw
5c1z,A,4zyn;5c1z;5c23
2rgk,A(6),2afa;2rgk;2zbl
3dc0,A,1bag;3dc0;1ua7
2qri,A,2qrt;2qrs;2qri
4yxt,A(2),4yxq;4yxt;4yxv
3wxy,A(2),3wxy;3wxz;3wy0
3ssz,A(8),3sqs;3ssz;3stp
4ars,A,4ars;4aru;4aro
2w1z,A,3dzo;3byv;2w1z
4dil,A(2),4dik;4dil;1vme
3nz9,A,4ixg;4ixf;1e26;1klk;1s3y;2fzh;3nz6;3nz9;3nza;3nzb;3nzc;3td8;4ixe;4qjz
4hga,A B C,4h9r;4h9q;4h9p;4h9n;4hga;4h9o
2dcf,A,1wyb;1wyc;2dcf
3dr4,A(2),3dr4;3dr7;3bn1
3qgz,A(2),1rzy;3qgz;3rhn;4rhn;5rhn;6rhn;5ed6;3o1x;3o1c;3o1z;1av5;1kpa;1kpb;1kpe;1kpf;3tw2;4eqe;4eqg;4eqh;4zkv;5ed3;5emt;5i2e;5i2f
4yy9,A(3) B(3),5bny;5bqy;5bqz;4wst;4wsu;4xkd;4xke;4xkf;4xkg;5br0;5br3;5br6;4yy0;4yy7;4yy9;4yya;4yyb
3gx9,A(2),1gwj;3gx9;2r14
2fhr,A,1s0i;1s0j;1mz5;1mz6;1mr5;1ms0;1ms1;1ms3;1ms4;1ms8;1ms9;2ah2;3b69;1ms5;3pjq;1n1s;1n1t;1n1v;1n1y;2a75;2ags;2fhr
4u8j,A(4),4u8m;4u8p;4u8l;4u8o;3ute;3utf;3utg;3uth;4gdc;4gdd;4gde;3ukk;4u8j;4u8k;5hhf;3uka;3ukf;3ukh;3ukl;4u8i;4u8n;4wx1
3bw2,A(2),3bw3;3bw4;3bw2
4r8q,A,4r8q;5dmz;4qpm
3iw4,A,3iw4;4ra4;2i0e
4ja8,A(2),3inm;3map;4kzo;4umx;4umy;5de1;2cmj;2cmv;4l03;4l04;4l06;4ja8;1lwd;1t09;1t0l
4x8i,A(12),2pe3;2wzn;4x8i
3cbw,A,3cbw;2qha;2whk
2zef,A,4yu9;4ywy;2afu;2zeh;2afm;2afo;2afw;2afx;2afz;3pbb;3si0;2zem;2zen;2zee;2zed;2zel;2zeg;2zep;2zef;2zeo;3pbe;2afs;3si2
3k8v,A,3k8v;3k8w;2zbi
4y7e,A,3wsu;4y7e;4fk9
2xsn,A(4),2toh;1toh;2xsn
3lci,A(4),3lcw;3lcx;3lbc;3lbm;3lch;3lcf;3lci;3lcg;3lcl;4uui;1hl2;2wkj;2wnq;2wnz;2wpb;2xfw;2wnn;2wo5;2ygy
2zbm,A,1v73;2z72;2zbm
4orf,A,4orf;4onu;4oll
3pnh,A(2),4cx1;4cx2;4cwz;4cx0;1m9j;1m9k;1m9m;1m9q;1m9r;3eah;4d1o;4d1p;1q2o;1zzs;3n6e;3n6f;3n6g;3nlh;3nli;4cul;1zzt;3n67;3n68;3n69;3n6a;1d0c;1d0o;1d1v;1d1w;1d1x;1d1y;1dm6;1dm7;1dm8;1dmi;1dmj;1dmk;1ed4;1ed5;1ed6;1foi;1foj;1fol;1foo;1fop;1i83;1nse;1p6l;1p6m;1p6n;1rs8;1rs9;2g6o;2hx2;3dqs;3dqt;3jww;3jwx;3jwy;3jwz;3n5p;3n5q;3n5r;3n5s;3n5t;3nld;3nle;3nlf;3nlg;3nlt;3nlu;3nse;3pnh;3rqo;3rqp;4c3a;4car;4cty;4ctz;4cu0;4cum;4cun;4cvg;4cwv;4cww;4cwx;4cwy;4d33;4d34;4d35;4d36;4d37;4d38;4d39;4d3a;4imx;4jsk;4jsl;4jsm;4k5h;4k5i;4k5j;4k5k;4kcp;4kcq;4kcr;4kcs;4luw;4nse;4uh7;4uh8;4uh9;4uha;4upq;4upr;4ups;4upt;5adj;5adk;5adl;5adm;5adn;5fj2;5fj3;5fvy;5fvz;5nse;6nse;7nse;8nse;9nse
1j49,A(2),2dld;1j49;1j4a
4hzo,A(2),4hzn;4hzo;4hzp
3d1m,A B,3n1g;3n1q;3d1m;3n1m;3n1p;3n1f
2qxz,A,2qx3;2qxz;2qy1
1kt7,A,1kt3;1kt4;1kt5;1kt6;1kt7;1jyd;2wq9;2wr6;1aqb;1jyj;1iiu
2qqj,A,4qdq;2qqj;4qdr
4onn,A B,1j7d;4onm;4onn;4onl;4nrg;4nr3;4nri
3jtd,A B C,3pn7;3ts5;3tuy;3jtd;1wdc;3jvt
1gyd,A,1gyh;1gye;1gyd
1t6d,A,1t6d;1t6c;2j4r
1cb6,A,1cb6;1dtz;1i6q;1f9b;1fck;2bjj;1sqy;1b0l;1ce2;1blf;1b1x;1b7z
3slt,A,3slj;3slo;3slt
1rpm,A,2c7s;2ooq;1rpm
5hn0,A,2j7u;2j7w;3vws;5f3t;5f3z;5f41;5hmw;5hmx;5hmy;5hmz;5hn0;5i3p;5i3q;5k5m;4hdg;4hdh;2hcn;2hcs
2xsu,A(2),2xsr;2xsu;2xsv
2cjz,A,2bij;2cjz;2bv5
1gc8,A(2),2y3z;2y40;2y41;2y42;2ztw;4f7i;4wuo;1g2u;1gc8;1gc9;1dpz
1td2,A(2),1vi9;3pzs;1td2
1j8y,A,5l3v;1j8m;1j8y
3rl5,A,3rl3;3rl4;3rl5
2pfr,A,2ija;2pqt;2pfr
3b2m,A,3b2m;3gld;3gle
1u5h,A(3),1z6k;1u5h;1u5v
3gi1,A,3hjt;3gi1;4h0f
1p3j,A,3dkv;4mkg;4mkh;1s3g;4qbh;4qbg;4qbi;4qbf;4mkf;2qaj;4tyq;1p3j;2p3s;2oo7;2osb;3fb4;3dl0;2eu8;1zin;1zio;1zip
5b60,A(2),5b5y;5b5z;5b60
4ev4,A,4eqi;4euz;4ev4
3kfh,A,1jv4;1qy0;1qy1;1qy2;1znd;1zne;1zng;1znh;1znk;1znl;2dm5;2ozq;1yp6;1yp7;3zq3;1i04;1i05;1i06;3kff;3kfg;3kfh;3kfi
2p6o,A,2enu;2enw;2pa0;2p9z;2p9f;2p9y;2p75;2p77;2p78;2p79;2p30;2p6o;2p6m;2owe;2p2z;2p2y;1v7q;2hia
2hyp,A(2),2hyo;2hyp;2hy1
3r9s,A(3),3r0o;3r9s;3r9t
1x38,A,3wlt;3wlq;3wlr;3wls;1ex1;1ieq;1iev;1iew;1iex;1j8v;1lq2;1x38;1x39;3wlh;3wli;3wlj;3wlk;3wll;3wlm;3wln;3wlo;3wlp
3osd,A,3osd;4hxc;3nmb
4wek,A,3pbn;3pbo;3pbq;3pbr;3pbs;3pbt;4fsf;4l0l;4ool;4oom;4wej;4wel;3oc2;3ocl;3ocn;4kqo;4kqq;4kqr;5df7;5df8;5df9;4wek
4xbk,A(2),4xbs;4xbk;5h91
1tf7,A(6),4o0m;3jzm;1tf7;3dvl
3nky,A,1u09;4wyl;4wyw;3nky
1zco,A(4),4c1l;4c1k;1zco
2oyr,A,2pkw;2oyr;2pgx
2xh7,A(2),2xgz;2xh7;2xh4;2xh0;2xh2;1p48;1p43;1l8p;2al1
4ooe,A(2),2c82;4rcv;4ooe;4oof;2jcx;2jcy;2jd0;2jcv;2jd1;2jd2;2y1c;2y1d;2y1e;2y1f;2y1g;3ras;3zhx;3zhy;3zhz;3zi0;4a03;4aic
1g6h,A,1g9x;1gaj;1g6h
3mwq,A,3mwq;3mwr;3mx8
3rhy,A,1h70;3bpb;3rhy
1fqe,A,1a8f;1n84;1ryo;2o7u;1oqh;1oqg;3fgs;2o84;1jqf;1dtg;1n7x;1n7w;1fqe;1fqf;1b3e;1d3k;1d4n
3wx5,A,3wx5;2bwc;3b7m
4af6,A,1gaw;2xnc;3vo1;3vo2;4af6;4af7;1sm4;1qfy;1qfz;1qg0;1qga
2w79,A,2w79;1qo2;2cff
2pzg,A,2pzg;2pze;2pzf
4h7k,A,1cv2;1d07;1g42;1g4h;1g5f;1iz7;1iz8;1k5p;1k63;1k6e;1mj5;2bfn;4h7i;4h7d;4h7h;4h7k;4h7j;4h7e;4h7f;4h77;4wdq;4wdr
2a48,A(4),2a48;2a46;2a47
2v0s,A,2v0r;1vyb;2v0s
2zwg,A B,1wx2;1wx4;1wx5;1wxc;2ahk;2ahl;2zmx;2zmy;2zmz;2zwd;3aws;3awt;3awu;3awv;3aww;3ax0;3awz;3awy;3awx;2zwe;2zwf;2zwg
1l2t,A(2),1f3o;3tif;1l2t
3nnt,A(2),3nnt;4iuo;3l2i;3lb0;3m7w;3oex;3s42;4gfs;4gui;4guj;3o1n;4clm;4cnn;4cno;4cnp;4uio;4guf;4gug;4guh;1gqn;1l9w;1qfe
3bwr,A(5),4mj0;4mj1;3bwq;3bwr;4x0y;4x0z;4x10;4x11;4x12;4x13;3nxd;3nxg;4x14;4x15;4x16;4x17;4jce;4jcf;4jcd;4wdy;4wdz;4we0
2wvo,A(2),2wvo;2wvn;2wvq
5hfo,A(2),4s2l;4s2m;5fdh;5hfo;5hap;5haq;5har;3hbr;4s2j;4s2k;4s2p;5dtk;5dts;5dtt;5dva;5faq;5fas;5fat
4wgj,A,4n67;4wgj;4lu4
3f4s,A,3f4s;3f4r;3f4t
1z8j,A B,1jou;2pgq;4rko;1z8i;1z8j;3bei;1tq7;2ocv;3edx;3hk3
1pd2,A(2),2vcq;2vcw;2vcx;2vcz;2vd0;2vd1;3kxo;4ec0;4edy;4edz;4ee0;5ais;5aiv;1iyh;1iyi;1v40;2cvd;3vi5;3vi7;1pd2;3ee2
3o0a,A,3pz0;3o0a;3pz5
2jdf,A,4w9a;4w9b;1zgt;1zie;1ziq;1zir;2jdg;2jdf;1i5i;1hk0;2g98;1m8u;4gr7;1h4a;2v2u;4jgf
1v8v,A(2),1v8u;1v8w;1v8v;1v8y;1v8i;1v8l;1v8m;1v8n;1v8r;1v8s;1v8t
4kx4,A,3ir4;4kx4;4ksm
1dx9,A,1qhe;3esz;1czl;1czn;1czu;1d04;1dx9;3esy;3esx;2v5v;2v5u;1czk;1czr;1obo;1obv;1czh;1czo;1d03
4ri7,A(2),5ey6;4ri6;4ri7
1rym,A,1rym;1ryb;1ryn
4iyj,A(2),4iyj;4ppy;4hf7
2rcv,A(2),1xuq;2rcv;1jr9
4o1n,A,4rh6;4o1n;4zys
3ov4,A(2),3m8c;3nhx;1ohp;1qjg;3myt;3mhe;3mki;1ohs;8cho;3unl;3nbr;3nuv;1ocv;3nm2;3ov4;5dre
1wb7,A(4),1wb7;1wb8;1b06
4ipd,A,2b29;4ipg;4ipd;4ijh;4ijl;4ipc;4iph;4luo;4luv;4luz;4lw1;4lwc;4o0a;4r4c;4r4i;4r4o;4r4q;4r4t;5e7n
1nf9,A(2),3r77;1nf9;1nf8
2apx,A,2apv;2apt;2apx;2apf;2apb
2e7l,A B C D,2oi9;3e3q;2e7l
2fx0,A(2),2fx0;2jk3;2jj7
3k21,A(2),4jwq;3o4y;3k21
4ge3,A(2),4qyt;4ge3;4ge0
2wxr,A,5is5;4ajw;2wxf;2wxg;2wxh;2wxi;2wxj;2wxk;2wxl;2wxm;2wxn;2wxo;2wxp;2wxq;2wxr;2x38;4xe0;5ae8;5ae9
3h86,A(3),1ki9;3h86;1kht
3lc9,A,3mk9;3lc9;4imv
4l8p,A(3),4l8o;4l8p;4leh
1w2x,A(2),1od2;1od4;1uyr;1uys;1uyt;1w2x;3h0j;3h0q;3h0s;3k8x;3pgq;3tv5;3tvu;3tvw;3tz3;4wyo;4wz8;5ctb;5ctc;5cte;1uyv
4n3a,A B,4n3a;4n3c;4n3b
3bck,A,3bck;3bci;3bd2
4yaw,A,3ojw;3ojx;4y7c;4yau;4y9r;4yaw;4y9u;4yao;1ja1;3qfc;3qfr;3qe2;5emn;5fa6;1j9z;1ja0;4yaf;4yal
2idr,A,2wmc;2idr;2idv
3scp,A,3scr;3scs;3scp;3scq;2rgl;2rgm;3scv;3scw;4qlk;4qlj;4qll;3aht;3ahv;3f4v;3f5j;3f5k;3f5l;3scn;3sco;3sct;3scu
4i44,A(2),4i44;4i3m;3lnr
1u7c,A(3),2npg;2npj;1xqe;1xqf;2nmr;2nop;3c1g;3c1j;3c1h;3c1i;2now;2npe;2npc;2npk;2npd;4nh2;1u77;1u7c;1u7g
3l67,A(2),3l67;3l68;3l65;3l66;3n14;4uth;4uti;4utj;4utk;4utl;4utm;2h8x;2h8z;2h90;3l5l;3l5m;3n19;5cpl;5cpm;5cpn;5cpo
3vwo,A,2zyc;3k3t;3vwo
1yqc,A(2),1yqc;1xsr;1xsq
1h6x,A,1h6y;1h6x;1dyo
1fdt,A(2),1bhs;1dht;1i5r;1jtv;1qyv;1qyw;1qyx;3dey;3dhe;3hb4;3hb5;3klp;1fdu;1fdw;1iol;1fds;1fdt;3klm
2w5u,A,2w5u;2bmv;1fue
3uay,A(6),4d8v;4d8x;4d8y;4d98;4d9h;4da6;4da7;4da8;4dab;4dae;4dan;4dao;3uay;3uaz;1xe3;2ac7;3uav;3uaw;3uax
2hxm,A,1okb;3tkb;1yuo;1akz;2hxm;3fcf;3fci;3fck;3fcl
4gei,A,4gfx;4gei;4gej
1pku,A(6),1pku;1u8w;1vya
4ga2,A,4ga2;4ga0;4ga1
2ylk,A,3zqx;4c8x;2ylk
4k6e,A,4kg4;4kg3;4k6e
1alw,A(2),4phj;4phk;4phm;4wq2;4wq3;5d69;1alv;1alw;1nx2;1nx3;4phn;1dvi
1kfu,A B,1kfu;1u5i;1df0
4cb5,A,3wi0;3wi1;4nce;4ncm;4p1u;4yd0;5buh;5f79;5eg9;4eqk;4es5;4cb7;5eg8;5eg7;4enf;4j2r;4cb4;4cb5;4cb6
4oum,A(3),4ous;4oul;4oum
3qzu,A,1isp;1r4z;1r50;2qxt;2qxu;5cri;5ct4;5ct5;5ct6;3qmm;1t4m;3qzu;3d2c;3d2a;3d2b;1t2n;5ct8;5ct9;5cta;5cur
4i95,A(4),4gzv;4iab;4i95
3jw5,A,2qk8;3dat;3fl8;4ele;4elf;4elg;4elh;3e0b;3s9u;3sa1;3sa2;3sai;3jw3;3jw5
4fa0,A,4dot;4dpz;4fa0
1vsm,A(2),3o4n;1a5v;1a5w;1a5x;1asu;1asv;1asw;1cxq;1cxu;1czb;1vsd;1vse;1vsf;1vsm;3o4q;1cz9;1vsk;1vsl
4i3c,A,4i3c;4i3b;4i3d
2i89,A,3mus;4hil;2i89;1icc;1eue;1lqx;1es1;1ehb;1lr6;1u9m;1u9u;1m2m;1m20;1m2i;3ozz;1m59;4hin
4fvf,A(2),4fvg;4fvj;4fvf
4i6u,A(2),4i6r;4i6u;4f8d;4fbi;4ia8;4i6t;4fn3
1z3e,A B,1z3e;3gfk;3ihq
4brj,A(4),4brv;4brj;4bk8
3arw,A,3aro;3arp;3arq;3arr;3arv;3arw;3arx;3ary;3arz;3b8s;3ars;3art;3aru;3as0;3as1;3as2;3as3;3b9a;3b9d;3b9e
1yrq,A B,4ucx;4ucw;4ucq;1frf;1yrq;4ud2;4ud6;4ue2;4ue6;4uew;4ueq;4urh;3cus;3cur;1yqw;3h3x;4upe;4upv;4uql;4uqp
5i2l,A,5i2l;5i2o;5i2q
5eas,A,1hxa;5dhi;5dhk;3m01;3m02;4di5;4rnq;5ik0;5ik6;5ik9;5ika;1hxg;1hxc;5eau;5eas;5eat;3lz9;3m00;5ikh
1dgb,A(4),1tgu;1th2;1th3;1th4;3nwl;4blc;1dgb;1dgf;1dgg;1f4j;1qqw;3re8;3rgp;3rgs
4akp,A,1gsk;1of0;1w6l;1w6w;1w8e;2bhf;2x87;2x88;3zdw;4q89;4q8b;4yvn;4yvu;4a67;4a68;4a66;4akp;4ako;4akq;2wsd
3b6d,A,3b3r;3b6d;1ijh;3gyj;1b4v;1mxt;1n1p;1n4u;1n4v;1n4w;2gew;4rek;4u2t;4xwr;4xxg;1cbo;3gyi;1cc2;1b8s;3cnj
4rt0,A(2),4rt0;4rt1;4xrn
2jls,A,2bhr;2bmf;2jlq;5gjc;5jmt;5jrz;5jwh;5k8i;5k8l;5k8t;5k8u;2jls;2jlr
3m0y,A(4),4gji;4gjj;3itl;3ito;3itt;3itv;3m0v;3m0x;2hcv;2i56;2i57;3itx;3ity;3iud;3iuh;3iui;3m0y;3m0h;3m0l;3m0m
2oka,A(4),2ojl;2oka;2obk
3twz,A,3un2;3un3;3un5;3uny;3m8w;3m8y;3m8z;3ot9;3twz;3tx0;3uo0;4lre;4lrc;4lrd;4lr7;4lr8;4lr9;4lra;4lrb;4lrf
3m0o,A,1el5;1el7;1el8;1el9;1eli;1l9e;2a89;2gb0;2gf3;3qse;3qsm;3qss;3bhf;3bhk;3m12;3m13;1l9c;1l9d;3m0o;1zov
4c45,A(4),4wil;1ru0;4c45
